exitAndBack,hoverAndBack,id,interactions,label,misclicks,mouseDwellTime,mouseTraceLength,widgetType,rating
0,0,dull_fireant_6vu766->17,1,Mendoza-MDZ,2,1643.8300000008894,369,Anchor,1
0,0,dull_fireant_6vu766->0,1,LOCALES,0,579.9450000049546,59,Anchor,1
0,0,dull_fireant_6vu766->16,1,MardelPlata-MDQ,1,5035.805000006803,768,Anchor,1
0,0,strong_snake_uwcskr->127,1,,0,675.0649999885354,0,Anchor,1
0,0,strong_snake_uwcskr->126,1,,0,3136.2200000003213,0,Anchor,1
0,0,strong_snake_uwcskr->129,1,,1,1429.535000002943,0,Anchor,1
0,0,moody_rabbit_53w523->22,2,t茅rminosycondiciones,1,1391.8599999742582,134,Anchor,1
0,0,moody_rabbit_53w523->23,1,Paran谩-PRA,1,1152.0000000018626,149,Anchor,1
0,0,moody_rabbit_53w523->4,1,Jujuy-JUJ,0,1392.0299999881536,251,Anchor,1
0,0,brave_lionfish_hx3ajt->12,2,Verdetalles,1,1128.179999999702,37,Anchor,1
0,0,silent_bird_vmcveo->230,4,AppleiPadPro9.71stGeneraci贸nWi-Fi+Celular128Gb256GBororosanegro,0,10857.085000025108,504,Anchor,3
0,0,silent_bird_vmcveo->239,2,AppleiPadPro202012.9128GB/256GB/512GB4G12MPtabletalFedEx,0,4743.925000075251,146,Anchor,2
0,0,silent_bird_vmcveo->231,2,AppleiPadpro256gbWi-Fi129pulgadasplataembalajeoriginal,1,9239.949999842793,753,Anchor,2
0,0,massive_panda_ypbj3k->9,1,AppleiPadPro9.71stGeneraci贸nWi-Fi+Celular128Gb256GBororosanegro,0,4532.035000000178,22,Anchor,2
0,0,great_liger_lt3en3->5,1,Verdetalles,1,1202.0800000000236,24,Anchor,1
0,0,great_liger_lt3en3->3,1,AppleiPadPro3rdGen.256GBWi-Fi+4G12.9,0,6311.849999999822,19,Anchor,2
0,0,bad_shrimp_fm1rvh->25,1,AppleiPadPro2ndgeneraci贸n256GBconfortnite,0,3304.9999999998363,4,Anchor,1
0,0,cold_earwig_r8av6e->11,1,macbook,0,967.9100000066683,22,Anchor,1
0,0,cold_earwig_r8av6e->7,2,ipadpro12.9,0,6599.154999945313,71,Anchor,2
0,0,light_cow_3465p6->10,1,Seguircomprando,1,2516.779999999926,12,Anchor,1
0,0,light_cow_3465p6->8,1,Agregaralcarrito,1,4288.590000000113,47,Anchor,1
0,0,light_cow_3465p6->9,1,Iralcarrito,0,5081.615000000056,260,Anchor,1
0,0,light_cow_3465p6->11,1,Hombre,0,1683.1199999996898,1112,Anchor,1
0,0,light_cow_3465p6->5,2,Seleccionartalla,1,1392.5149999995483,84,Anchor,1
0,0,light_cow_3465p6->14,1,Ropadeportiva,1,0,0,Anchor,1
0,0,light_cow_3465p6->7,1,6-XL,1,510.67500000044674,11,Anchor,1
0,0,heavy_hound_vju4en->0,1,LacosteInside,0,615.0650000017777,2,Anchor,1
0,0,heavy_hound_vju4en->17,1,,1,3898.3100000004924,87,Anchor,1
0,0,heavy_hound_vju4en->19,1,Seleccionartalla,1,2274.0449999982957,96,Anchor,1
0,0,heavy_hound_vju4en->12,1,CamisaDeHombreSlimFitEnPopel铆nDeAlgod贸nEl谩stico,1,1635.825000001205,0,Anchor,1
0,0,heavy_hound_vju4en->3,1,Hombre,0,1237.9300000029616,752,Anchor,1
0,0,heavy_hound_vju4en->13,1,,1,980.5149999992864,102,Anchor,1
0,0,heavy_hound_vju4en->9,1,Camisas,1,1271.919999999227,0,Anchor,1
0,0,ugly_seahorse_89p9xi->29,1,Mujer,0,988.069999992149,44,Anchor,1
0,0,ugly_seahorse_89p9xi->1,1,Hombre,1,526.095000008354,0,Anchor,1
0,0,ugly_seahorse_89p9xi->16,1,Agregaralcarrito,1,1936.0199999937322,3,Anchor,1
0,0,ugly_seahorse_89p9xi->43,1,Agregaralcarrito,1,3312.304999999469,184,Anchor,1
0,0,ugly_seahorse_89p9xi->12,1,Vertallas,1,1840.1599999924656,258,Anchor,1
0,0,ugly_seahorse_89p9xi->35,1,,0,742.084999976214,144,Anchor,1
0,0,ugly_seahorse_89p9xi->32,2,Camisasyblusas,1,494.38499999814667,23,Anchor,1
0,0,ugly_seahorse_89p9xi->41,1,42,1,368.3550000132527,0,Anchor,1
0,0,ugly_seahorse_89p9xi->39,2,Seleccionartalla,0,1914.0700000280049,312,Anchor,1
0,0,ugly_seahorse_89p9xi->5,1,Sweaters,1,0,0,Anchor,1
0,0,ugly_seahorse_89p9xi->14,1,6-M,1,376.28000002587214,0,Anchor,1
0,0,ugly_seahorse_89p9xi->19,1,Mujer,1,580.2749999857042,16,Anchor,1
0,0,ugly_seahorse_89p9xi->36,1,BlusaDeMujerSinMangas,1,767.9150000039954,22,Anchor,1
0,0,warm_mouse_kd708h->16,1,COTIZ,1,480.7150000015099,0,Anchor,1
0,0,selfish_bear_fwvsqm->8,1,Enviar,0,490.36999999999534,19,Anchor,1
0,0,cuddly_walrus_v2fufh->10,3,t茅rminosycondiciones,0,2983.9149998733774,226,Anchor,1
0,0,funny_mole_5yv9v8->12,1,t茅rminosycondiciones,1,1353.9250000030734,125,Anchor,1
0,0,white_treefrog_d8hoxm->8,2,Marcarcomofavorito,2,5853.705000015907,1660,Anchor,2
0,0,serious_puma_k5fthr->34,1,TabletasApple,1,1232.0049999980256,2,Anchor,1
0,0,fat_vampirebat_sxhl6p->1,1,Compraya-Dalesotramirada,0,412.9299999999603,0,Anchor,1
0,0,fat_vampirebat_sxhl6p->6,2,AppleiPod7thgeneraci贸n256GBOroPlataTouchGrisEspacioCajaAbiertaNuevoSelladoUS$245.00M谩sopcionesporAppleiPod7thgeneraci贸n256GBOroPlataTouchGrisEspacioCajaAbiertaNuevoSellado,1,2549.064999999704,82,Anchor,1
0,0,tasty_frog_jnnx0t->9,1,t茅rminosycondiciones,0,1059.8150000078022,141,Anchor,1
0,0,orange_bulldog_rt1zhh->85,2,隆C贸mpraloahora!,1,10023.725000000923,153,Anchor,2
0,0,dry_sheep_bse092->4,1,IpadPro12.91STGeneraci贸nRetinaReemplazoPanelT谩ctilConjuntoA1584Plata,0,891.9949999999517,0,Anchor,1
0,0,dry_sheep_bse092->9,1,LogotipodeeBay,0,778.0149999998685,29,Anchor,1
0,0,dry_sheep_bse092->5,1,IPadPro12.9(2020)TabletCase锛po茅ticaSmartTripleCueroAbatibleCubiertaRose,0,4105.955000000904,82,Anchor,2
0,0,young_goat_f7lngk->8,1,Motorescompletos,0,1543.114999999947,79,Anchor,1
0,0,young_goat_f7lngk->26,1,ebayOfertas,0,2031.9049999999334,550,Anchor,2
0,0,young_goat_f7lngk->38,1,LogotipodeeBay,0,1016.0549999999348,1052,Anchor,2
0,0,young_goat_f7lngk->2,1,Equipoindustrial,0,1728.1100000000151,4,Anchor,1
0,0,young_goat_f7lngk->41,1,MieBay,0,828.5150000000285,12,Anchor,1
0,0,young_goat_f7lngk->17,1,MotoresyComponentes,0,512.7750000000306,11,Anchor,1
0,0,smooth_pug_gfmcj9->237,2,隆C贸mpraloahora!,1,2400.024999999914,76,Anchor,1
0,0,warm_grasshopper_nfl3ys->1,2,MayoClinic,0,3100.2100000005157,1923,Anchor,2
0,0,splendid_lionfish_hg0hq5->230,3,Apple11iPadPro(煤ltimomodelo)Wi-Fi256GBgrisespacialnuevomodeloA1980,1,7411.000000080094,175,Anchor,3
0,0,evil_rattlesnake_zw2p3l->4,3,EBay,0,4278.609999921173,3139,Anchor,2
0,0,curly_deer_jw3t9n->23,1,Vert茅rminosycondiciones,0,904.3000000528991,240,Anchor,1
0,0,slimy_bird_f63ial->227,1,Apple11iPadPro(煤ltimomodelo)Wi-Fi256GBgrisespacialnuevomodeloA1980,1,2504.039999912493,0,Anchor,1
0,0,fluffy_dolphin_zc4r8n->6,1,AgregaralaListadefavoritosEliminardeListadefavoritos,0,4995.320000016363,3,Anchor,1
0,0,fluffy_dolphin_zc4r8n->2,2,AppleiPadpro2017/12.9/256gb/Wi-Fi/cellulargrisespacial,1,14517.930000001797,0,Anchor,3
0,0,fluffy_dolphin_zc4r8n->3,3,Verotrosart铆culos,0,6244.9800000176765,0,Anchor,2
0,0,green_lionfish_rnupm4->83,1,AnuncionuevoAppleiPadpro112018fornitepreinstalado256gbIos13.5ning煤nJailbreak,1,862.0500000251923,0,Anchor,1
0,0,rare_baboon_pat2xm->17,2,AppleiPadPro1stgeneraci贸n(256GB)Pantallade12.9-VariosColores,0,2711.1150000000634,40,Anchor,1
0,0,rare_baboon_pat2xm->13,1,Apple,1,1592.0399999999972,0,Anchor,1
0,0,rare_baboon_pat2xm->6,1,Tecnolog铆a,1,1488.5600000002341,0,Anchor,1
0,0,rare_baboon_pat2xm->11,1,TabletsyLectoraseBook,1,1311.9400000000496,52,Anchor,1
0,0,rare_baboon_pat2xm->16,1,256GB,1,496.14000000019587,0,Anchor,1
0,0,selfish_skunk_z8s2qs->317,2,AppleiPadPro202012.9128GB/256GB/512GB4G12MPtabletalFedEx,0,9754.879999905825,49,Anchor,2
0,0,selfish_skunk_z8s2qs->318,2,AppleiPadPro9.71stGeneraci贸nWi-Fi+Celular128Gb256GBororosanegro,1,11431.535000214353,56,Anchor,3
0,0,fat_termite_8i1f0j->13,1,COTIZ,1,678.349999999904,0,Anchor,1
0,0,tricky_seahorse_x6nbuw->7,1,Consultar,1,1213.769999999844,0,Anchor,1
0,0,wise_rattlesnake_erbrmf->12,1,t茅rminosycondiciones,0,1867.8250000812113,6,Anchor,1
0,0,ugly_sheep_xqmb9e->22,3,Vert茅rminosycondiciones,2,3803.404999896884,461,Anchor,2
0,0,neat_walrus_5whtdj->8,1,LogotipodeeBay,0,560.7099998742342,168,Anchor,1
0,0,neat_walrus_5whtdj->3,1,AppleiPadPro1stgeneraci贸n256GBDesbloqueadoWi-Fi11in-GrisespacialTablet,1,3918.5600001364946,0,Anchor,2
0,0,neat_walrus_5whtdj->12,1,AppleiPadPro1stgeneraci贸n256GBDesbloqueadoWi-Fi11in-GrisespacialTablet,1,1955.2199998870492,0,Anchor,1
0,0,funny_bear_ara5ai->75,3,tucarrodecompras,4,4711.63999999953,102,Anchor,2
0,0,fresh_liger_dk5kx2->5,1,LacosteSport,1,2639.515000000756,0,Anchor,1
0,0,fresh_liger_dk5kx2->1,1,Hombre,0,2929.755000000114,1831,Anchor,1
0,0,fresh_liger_dk5kx2->12,2,LacosteInside,0,1893.7049999994997,668,Anchor,1
0,0,quick_horse_oktn94->9,1,Consultar,1,1543.9150000020163,43,Anchor,1
0,0,tricky_dolphin_rj96ae->38,1,Agregaralcarrito,1,2031.8950000000768,50,Anchor,1
0,0,tricky_dolphin_rj96ae->14,1,,0,3511.9999999988067,7,Anchor,2
0,0,tricky_dolphin_rj96ae->20,1,NewIn,0,1704.6449999979814,206,Anchor,1
0,0,tricky_dolphin_rj96ae->43,1,Camisasyblusas,1,0,0,Anchor,1
0,0,tricky_dolphin_rj96ae->39,1,Mujer,0,3063.6500000000524,146,Anchor,1
0,0,tricky_dolphin_rj96ae->3,1,,0,1416.0400000000664,137,Anchor,1
0,0,tricky_dolphin_rj96ae->16,1,Hombre,0,2191.320000001724,491,Anchor,1
0,0,tricky_dolphin_rj96ae->0,1,Mujer,1,1016.1349999980303,0,Anchor,1
0,0,tricky_dolphin_rj96ae->47,1,38,1,487.95000000245636,35,Anchor,1
0,0,tricky_dolphin_rj96ae->13,1,Camperasyabrigos,1,126.07500000012806,0,Anchor,1
0,0,tricky_dolphin_rj96ae->31,1,,0,3832.029999997758,629,Anchor,1
0,0,tricky_dolphin_rj96ae->28,1,Camperasyabrigos,1,0,0,Anchor,1
0,0,tricky_dolphin_rj96ae->19,1,Rebajas,0,1223.920000000362,110,Anchor,1
0,0,tricky_dolphin_rj96ae->32,2,ParkaCortaReversibleDeMujerResistenteAlAgua,1,2359.870000000228,84,Anchor,1
0,0,tricky_dolphin_rj96ae->34,1,Seleccionartalla,0,423.91499999939697,0,Anchor,1
0,0,tricky_dolphin_rj96ae->35,2,Vertallas,2,4039.8150000000896,482,Anchor,1
0,0,tricky_dolphin_rj96ae->45,2,,1,2104.03000000224,249,Anchor,1
0,0,tricky_dolphin_rj96ae->36,1,40,1,0,0,Anchor,1
0,0,tricky_dolphin_rj96ae->49,3,Agregaralcarrito,1,3640.2799999996205,525,Anchor,1
0,0,tricky_dolphin_rj96ae->8,1,Mujer,0,6735.225000000355,99,Anchor,2
0,0,horrible_snail_zpb8jl->44,2,,1,848.3550000019022,50,Anchor,1
0,0,horrible_snail_zpb8jl->20,2,,1,983.829999997397,20,Anchor,1
0,0,serious_newt_kebs4b->13,1,COTIZ,1,1058.1949999905191,0,Anchor,1
0,0,modern_pig_9h9i8i->7,1,Consultar,1,679.9349999637343,0,Anchor,1
0,0,big_bear_oljcvm->14,1,40,1,0,0,Anchor,1
0,0,big_bear_oljcvm->34,1,38,0,841.0349999903701,24,Anchor,1
0,0,big_bear_oljcvm->40,1,Cerrar,1,280.4550000000745,2,Anchor,1
0,0,big_bear_oljcvm->0,1,Mujer,0,1828.0950000043958,180,Anchor,1
0,0,big_bear_oljcvm->31,1,,0,903.6549999727868,604,Anchor,2
0,0,big_bear_oljcvm->35,1,36,1,474.77500000968575,0,Anchor,1
0,0,big_bear_oljcvm->32,1,,1,3503.06499999715,0,Anchor,1
0,0,big_bear_oljcvm->33,1,Seleccionartalla,1,818.0900000152178,5,Anchor,1
0,0,big_bear_oljcvm->37,1,Agregaralcarrito,1,3336.6950000054203,3,Anchor,1
0,0,big_bear_oljcvm->4,1,Novedades,0,765.5950000043958,32,Anchor,1
0,0,big_bear_oljcvm->7,1,Camperasyabrigos,1,0,0,Anchor,1
0,0,big_bear_oljcvm->15,1,Agregaralcarrito,1,3919.980000006035,144,Anchor,1
0,0,big_bear_oljcvm->28,1,Camisasyblusas,1,0,0,Anchor,1
0,0,big_bear_oljcvm->19,1,Camperasyabrigos,0,610.0350000197068,7,Anchor,1
0,0,big_bear_oljcvm->25,1,Mujer,0,1528.0799999600276,195,Anchor,1
0,0,big_bear_oljcvm->22,2,Camisas,1,708.234999969136,85,Anchor,1
0,0,big_bear_oljcvm->38,2,Seemyshoppingbag2,1,1021.8750000349246,1,Anchor,1
0,0,big_bear_oljcvm->42,1,Finalizarpedido,0,809.2049999977462,0,Anchor,1
0,0,big_bear_oljcvm->12,1,Seleccionartalla,1,1412.330000079237,110,Anchor,1
0,0,big_bear_oljcvm->16,3,Hombre,0,1341.9499999727122,243,Anchor,1
0,0,big_bear_oljcvm->10,1,CamperaAcolchadaReversibleDeMujerResistenteAlAguaConDise帽o,1,3593.185000005178,0,Anchor,1
0,0,mighty_turkey_qk4ujf->22,2,,2,1057.4000000488013,92,Anchor,1
0,0,nice_swan_k47ade->19,2,COTIZ,1,3988.300000084564,255,Anchor,1
0,0,tame_cougar_tk9mr9->1,1,Mujer,1,0,0,Anchor,1
0,0,tame_cougar_tk9mr9->0,1,Mujer,1,586.1949999816716,0,Anchor,1
0,0,tame_cougar_tk9mr9->33,1,Camisasyblusas,1,0,0,Anchor,1
0,0,tame_cougar_tk9mr9->9,1,Camperasyabrigos,1,278.05500000249594,1,Anchor,1
0,0,tame_cougar_tk9mr9->42,1,38,1,717.9100000066683,0,Anchor,1
0,0,tame_cougar_tk9mr9->14,2,,0,4511.869999987539,691,Anchor,2
0,0,tame_cougar_tk9mr9->38,2,,1,5742.239999992307,1294,Anchor,2
0,0,tame_cougar_tk9mr9->40,1,Vertallas,1,3503.6200000031386,335,Anchor,1
0,0,tame_cougar_tk9mr9->27,1,Mujer,0,2856.2950000050478,59,Anchor,1
0,0,tame_cougar_tk9mr9->20,1,Vertallas,0,1793.965000018943,46,Anchor,1
0,0,tame_cougar_tk9mr9->15,2,CamperaAcolchadaReversibleDeMujerResistenteAlAguaConDise帽o,1,4252.399999997579,4,Anchor,2
0,0,tame_cougar_tk9mr9->22,1,40,1,3029.8749999783468,59,Anchor,1
0,0,tame_cougar_tk9mr9->21,2,Seleccionartalla,1,1851.6950000193901,303,Anchor,1
0,0,tame_cougar_tk9mr9->43,1,Agregaralcarrito,1,4645.959999994375,82,Anchor,1
0,0,tame_cougar_tk9mr9->2,1,Mujer,0,1346.1050000041723,72,Anchor,1
0,0,polite_ape_4rcn9q->14,1,COTIZ,1,254.11500000336673,0,Anchor,1
0,0,strong_goat_nehizj->9,1,Consultar,1,658.1399999995483,28,Anchor,1
0,0,rude_quail_yd9pxg->2,1,CamperaAcolchadaDeHombreLacosteMotionEnDosMaterialesConCierre,0,599.965000001248,0,Anchor,1
0,0,rude_quail_yd9pxg->28,3,2,1,5967.864999984158,21,Anchor,2
0,0,rude_quail_yd9pxg->21,1,CamisaDeHombreRegularFitEnMiniPiqu茅,1,0,0,Anchor,1
0,0,rude_quail_yd9pxg->35,1,CamperaAcolchadaReversibleDeMujerResistenteAlAguaConDise帽o,0,2505.8399999979883,166,Anchor,1
0,0,rude_quail_yd9pxg->3,2,,1,1533.6200000019744,0,Anchor,1
0,0,rude_quail_yd9pxg->22,1,Vertallas,1,2896.115000010468,59,Anchor,1
0,0,rude_quail_yd9pxg->8,1,,0,716.404999999213,0,Anchor,1
0,0,rude_quail_yd9pxg->0,1,Rebajas,1,559.754999994766,0,Anchor,1
0,0,rude_quail_yd9pxg->25,2,Agregaralcarrito,1,3146.4500000001863,2,Anchor,1
0,0,rude_quail_yd9pxg->45,2,Agregaralcarrito,1,2648.0349999910686,9,Anchor,1
0,0,rude_quail_yd9pxg->37,1,Filtrosyclasificaciones,1,221.80999998818152,5,Anchor,1
0,0,rude_quail_yd9pxg->34,2,,1,888.1150000088383,0,Anchor,1
0,0,rude_quail_yd9pxg->9,1,ChinosAlgod贸nHombreSlimFit,0,875.7299999997485,0,Anchor,1
0,0,rude_quail_yd9pxg->29,1,,0,3019.445000012638,214,Anchor,1
0,0,rude_quail_yd9pxg->23,1,4-40,1,0,0,Anchor,1
0,0,rude_quail_yd9pxg->7,1,,0,832.1500000020023,0,Anchor,1
0,0,rude_quail_yd9pxg->27,2,Rebajas,2,453.63499999803025,0,Anchor,1
0,0,light_cobra_bww74k->12,1,COTIZ,1,1639.2900000791997,0,Anchor,1
0,0,splendid_elephant_omc0fx->8,1,Consultar,1,2848.9250000566244,532,Anchor,1
0,0,yellow_starfish_1t9z89->55,1,RompevientoDeHombreLacosteSportResistenteAlAguaConCapuchaYCierre,1,623.7200000323355,0,Anchor,1
0,0,yellow_starfish_1t9z89->18,1,Buzosyhoodies,1,0,0,Anchor,1
0,0,yellow_starfish_1t9z89->22,1,BuzoDeMangaLargaParaHombre,0,4234.040000243112,303,Anchor,2
0,0,yellow_starfish_1t9z89->39,1,CamperaDeHombreLacosteSportXFrenchOpenConCapucha,0,1495.9849999286234,0,Anchor,1
0,0,yellow_starfish_1t9z89->15,1,Mujer,0,439.9449999909848,84,Anchor,1
0,0,yellow_starfish_1t9z89->63,1,Agregaralcarrito,1,1616.050000069663,208,Anchor,1
0,0,yellow_starfish_1t9z89->31,1,BuzoDeHombreConMezclaDeAlgod贸nConInscripci贸nYCapucha,0,1935.95499987714,398,Anchor,1
0,0,yellow_starfish_1t9z89->46,1,2,1,439.93000010959804,0,Anchor,1
0,0,yellow_starfish_1t9z89->35,1,Camperasyabrigos,1,0,0,Anchor,1
0,0,yellow_starfish_1t9z89->58,2,46,1,1072.8050000034273,89,Anchor,1
0,0,yellow_starfish_1t9z89->5,2,Hombre,1,1480.1799999549985,1295,Anchor,2
0,0,yellow_starfish_1t9z89->14,1,Hombre,0,1448.3350000809878,1361,Anchor,1
0,0,yellow_starfish_1t9z89->32,1,NewIn,0,1351.2899996712804,323,Anchor,1
0,0,yellow_starfish_1t9z89->21,2,,0,1415.644999826327,605,Anchor,1
0,0,yellow_starfish_1t9z89->69,1,Camisas,1,72.13500002399087,60,Anchor,1
0,0,yellow_starfish_1t9z89->41,2,ParkaDeHombreAcolchadaLargaConCapuchaDeCueroSint茅tica,1,4048.9899998065084,316,Anchor,2
0,0,yellow_starfish_1t9z89->59,1,Hombre,0,2024.3349999655038,660,Anchor,1
0,0,yellow_starfish_1t9z89->13,1,NewIn,0,806.4200000371784,758,Anchor,1
0,0,yellow_starfish_1t9z89->50,1,1,1,0,0,Anchor,1
0,0,yellow_starfish_1t9z89->33,1,Hombre,0,1432.750000152737,123,Anchor,1
0,0,yellow_starfish_1t9z89->72,2,CamisaDeAlgod贸nEl谩sticaErgon贸micaConPanelesMotionDeLosHombres,1,3919.935000129044,239,Anchor,2
0,0,yellow_starfish_1t9z89->57,2,Seleccionartalla,1,1184.1399995610118,153,Anchor,1
0,0,yellow_starfish_1t9z89->24,2,,0,1336.0899998806417,1401,Anchor,1
0,0,yellow_starfish_1t9z89->23,1,,0,1534.9349996540695,245,Anchor,1
0,0,yellow_starfish_1t9z89->12,1,Hombre,1,728.5599999595433,0,Anchor,1
0,0,tender_warthog_9i1z80->21,1,,1,2104.4349999856204,0,Anchor,1
0,0,breezy_mule_mx3l96->11,1,COTIZ,1,712.8849999862723,0,Anchor,1
0,0,rare_monkey_8k2kgc->11,1,COTIZ,1,1148.0000000010477,182,Anchor,1
0,0,pink_earwig_2u2hgd->9,1,Consultar,1,336.0000000029686,176,Anchor,1
0,0,selfish_tiger_7esdu0->81,1,Vertallas,1,1349.9999999985448,224,Anchor,1
0,0,selfish_tiger_7esdu0->16,1,Filtrosyclasificaciones,1,315.99999999889405,2,Anchor,1
0,0,selfish_tiger_7esdu0->58,1,Agregaralcarrito,1,2913.9999999970314,78,Anchor,1
0,0,selfish_tiger_7esdu0->54,2,Seleccionartalla,1,3888.0000000062864,193,Anchor,2
0,0,selfish_tiger_7esdu0->11,1,Rebajas,1,1402.0000000018626,0,Anchor,1
0,0,selfish_tiger_7esdu0->87,1,Agregaralcarrito,1,1474.000000001979,83,Anchor,1
0,0,modern_newt_qlgbsb->22,1,,1,885.999999998603,0,Anchor,1
0,0,new_stingray_b2j2f6->6,2,Consultar,1,1035.9999999999454,388,Anchor,1
0,0,shy_squid_wromfn->61,2,COTIZ,2,2405.045000003156,1753,Anchor,2
0,0,wonderful_bullfrog_mmrhw9->7,1,Consultar,1,463.89499999349937,0,Anchor,1
0,0,mean_rat_uzr8lj->10,1,Enviar,1,292.05499996896833,0,Anchor,1
0,0,wonderful_cow_11s07t->12,1,COTIZ,1,599.9399999855086,0,Anchor,1
0,0,dangerous_puma_fl5nue->8,1,2,1,139.99999999998545,0,Anchor,1
0,0,dangerous_puma_fl5nue->30,3,Agregaralcarrito,2,4003.999999999898,122,Anchor,1
0,0,dangerous_puma_fl5nue->19,1,Camisas,1,0,0,Anchor,1
0,0,dangerous_puma_fl5nue->32,1,Iralcarrito,1,291.9999999999163,0,Anchor,1
0,0,dangerous_puma_fl5nue->23,1,Vertallas,1,368.9999999999145,0,Anchor,1
0,0,dangerous_puma_fl5nue->3,1,Selecci贸nparaHombreSelecci贸nparaHombre,1,675.9999999999272,0,Anchor,1
0,0,dangerous_puma_fl5nue->5,1,,0,220.00000000002728,0,Anchor,1
0,0,dangerous_puma_fl5nue->4,1,Rebajas,1,0,0,Anchor,1
0,0,smooth_dodo_fhlhfp->23,1,,1,740,0,Anchor,1
0,0,curvy_quail_pxdmnl->9,2,Consultar,1,2565.359999996872,779,Anchor,1
0,0,bad_pug_a7y0ls->14,1,COTIZ,1,725.9999999987485,73,Anchor,1
0,0,bad_pug_a7y0ls->0,2,,0,1545.9999999948195,138,Anchor,1
0,0,tame_rat_p9j84w->7,1,Consultar,1,1236.0000000007858,724,Anchor,1
0,0,helpless_rat_4xsb91->26,3,,2,2017.9999999963911,521,Anchor,2
0,0,average_chipmunk_hy3vhk->24,1,8-3XL,1,0,0,Anchor,1
0,0,average_chipmunk_hy3vhk->31,1,Rebajas,1,810.0000000013097,0,Anchor,1
0,0,average_chipmunk_hy3vhk->32,1,Filtrosyclasificaciones,1,709.9999999954889,152,Anchor,1
0,0,average_chipmunk_hy3vhk->36,1,Colecci贸n,1,1470.0000000011642,4,Anchor,1
0,0,average_chipmunk_hy3vhk->46,1,42,1,513.9999999992142,175,Anchor,1
0,0,average_chipmunk_hy3vhk->26,1,Seguircomprando,1,3527.0000000018626,3,Anchor,1
0,0,average_chipmunk_hy3vhk->3,1,Hombre,0,2383.9999999981956,899,Anchor,1
0,0,average_chipmunk_hy3vhk->34,1,,2,1290.0000000008731,532,Anchor,1
0,0,average_chipmunk_hy3vhk->44,1,Vertallas,1,612.0000000009895,108,Anchor,1
0,0,average_chipmunk_hy3vhk->22,2,Seleccionartalla,2,1389.0000000028522,66,Anchor,1
0,0,average_chipmunk_hy3vhk->41,1,CamisaDeMujerRelaxedFitEnCrep茅ConCuelloAcanalado,0,568.0000000029395,55,Anchor,1
0,0,average_chipmunk_hy3vhk->42,1,,0,423.9999999990687,24,Anchor,1
0,0,average_chipmunk_hy3vhk->10,1,,0,4246.000000002823,581,Anchor,2
0,0,average_chipmunk_hy3vhk->38,3,,0,3252.0000000040454,634,Anchor,1
0,0,average_chipmunk_hy3vhk->6,2,Rebajas,1,1272.000000000844,248,Anchor,1
0,0,average_chipmunk_hy3vhk->47,1,Agregaralcarrito,1,3954.0000000015425,190,Anchor,1
0,0,average_chipmunk_hy3vhk->9,2,Filtrosyclasificaciones,1,1929.999999996653,430,Anchor,1
0,0,average_chipmunk_hy3vhk->45,1,Seleccionartalla,0,557.9999999972642,61,Anchor,1
0,0,average_chipmunk_hy3vhk->33,1,,0,921.9999999986612,460,Anchor,1
0,0,average_chipmunk_hy3vhk->25,2,Agregaralcarrito,1,4423.999999999069,65,Anchor,1
0,0,average_chipmunk_hy3vhk->43,1,,0,990.0000000052387,175,Anchor,1
0,0,brown_catfish_guio5l->15,1,COTIZ,1,1040.1899999997113,0,Anchor,1
0,0,silly_turtle_61kmfb->14,1,COTIZ,1,994.0449999994598,0,Anchor,1
0,0,warm_mouse_87oxpr->13,1,COTIZ,1,846.590000030119,0,Anchor,1
0,0,little_sheep_csv1m7->5,1,Consultar,1,2106.2349999992875,487,Anchor,1
0,0,blue_dragon_972nvt->30,1,,1,1056.0699999987264,138,Anchor,1
0,0,blue_dragon_972nvt->47,1,Ropa,1,188.10499999381136,0,Anchor,1
0,0,blue_dragon_972nvt->53,2,Filtrosyclasificaciones,1,2409.2649999947753,75,Anchor,1
0,0,blue_dragon_972nvt->24,1,,0,10689.635000002454,161,Anchor,2
0,0,blue_dragon_972nvt->32,3,Seleccionartalla,1,13418.594999988272,426,Anchor,3
0,0,blue_dragon_972nvt->6,1,Camperasyabrigos,1,782.1600000024773,0,Anchor,1
0,0,blue_dragon_972nvt->28,1,,0,10289.990000004764,48,Anchor,2
0,0,blue_dragon_972nvt->66,1,6-42,1,0,0,Anchor,1
0,0,blue_dragon_972nvt->38,1,Seguircomprando,2,1971.9100000002072,98,Anchor,1
0,0,blue_dragon_972nvt->58,1,,0,3300.394999998389,282,Anchor,1
0,0,blue_dragon_972nvt->37,2,Agregaralcarrito,1,3155.97500000149,123,Anchor,1
0,0,blue_dragon_972nvt->35,1,48,1,0,0,Anchor,1
0,0,blue_dragon_972nvt->52,1,,0,9241.939999999886,367,Anchor,2
0,0,blue_dragon_972nvt->45,1,NewIn,0,1160.2850000053877,456,Anchor,1
0,0,blue_dragon_972nvt->64,3,Seleccionartalla,1,2102.439999995113,638,Anchor,1
0,0,blue_dragon_972nvt->59,1,,0,9656.040000001667,829,Anchor,2
0,0,blue_dragon_972nvt->33,1,50,0,972.010000004957,81,Anchor,1
0,0,blue_dragon_972nvt->54,2,,1,1396.0650000008172,8,Anchor,1
0,0,blue_dragon_972nvt->26,1,Gab谩nunisexLacostexGloverall,0,611.4700000034645,5,Anchor,1
0,0,blue_dragon_972nvt->16,1,2,1,595.9199999997509,0,Anchor,1
0,0,blue_dragon_972nvt->23,3,,0,4268.804999999702,128,Anchor,1
0,0,blue_dragon_972nvt->7,1,,0,4174.169999998412,74,Anchor,2
0,0,blue_dragon_972nvt->50,1,Camisas,1,0,0,Anchor,1
0,0,blue_dragon_972nvt->17,2,Filtrosyclasificaciones,1,1848.0399999971269,2,Anchor,1
0,0,blue_dragon_972nvt->2,1,Selecci贸nparaHombreSelecci贸nparaHombre,1,211.99500000511762,0,Anchor,1
0,0,blue_dragon_972nvt->31,2,Vertallas,0,1924.1449999972247,230,Anchor,1
0,0,warm_dodo_ebx5ie->37,1,,1,3780.989999999292,249,Anchor,1
0,0,warm_dodo_ebx5ie->21,2,Seleccionartalla,1,4018.2500000228174,365,Anchor,1
0,0,warm_dodo_ebx5ie->29,1,Seguircomprando,1,2377.079999947455,73,Anchor,1
0,0,warm_dodo_ebx5ie->54,1,Vertallas,0,1198.0399999883957,8,Anchor,1
0,0,warm_dodo_ebx5ie->35,2,Filtrosyclasificaciones,1,545.9700000355951,1,Anchor,1
0,0,warm_dodo_ebx5ie->43,1,,0,1231.7599999951199,23,Anchor,1
0,0,warm_dodo_ebx5ie->39,1,,0,1702.190000039991,337,Anchor,1
0,0,warm_dodo_ebx5ie->58,1,Promocionesbancarias,0,965.0799999944866,0,Anchor,1
0,0,warm_dodo_ebx5ie->12,1,,0,5227.909999957774,470,Anchor,2
0,0,warm_dodo_ebx5ie->13,1,,0,3563.1849999772385,56,Anchor,2
0,0,warm_dodo_ebx5ie->48,1,,2,3467.1200000448152,35,Anchor,1
0,0,warm_dodo_ebx5ie->7,1,Camperasyabrigos,1,802.4300000397488,0,Anchor,1
0,0,warm_dodo_ebx5ie->31,1,Hombre,0,4980.395000020508,694,Anchor,1
0,0,warm_dodo_ebx5ie->44,1,,1,1804.0150000015274,9,Anchor,1
0,0,warm_dodo_ebx5ie->41,1,,1,446.77499996032566,17,Anchor,1
0,0,warm_dodo_ebx5ie->42,1,,0,466.3899999577552,0,Anchor,1
0,0,warm_dodo_ebx5ie->34,1,Camisas,1,0,0,Anchor,1
0,0,warm_dodo_ebx5ie->15,1,Filtrosyclasificaciones,1,855.9249999234453,21,Anchor,1
0,0,warm_dodo_ebx5ie->8,1,2,1,459.5299999928102,0,Anchor,1
0,0,warm_dodo_ebx5ie->52,1,,1,2326.2700000195764,0,Anchor,1
0,0,warm_dodo_ebx5ie->62,1,Finalizarpedido,0,1023.2400000095367,0,Anchor,1
0,0,warm_dodo_ebx5ie->14,2,,0,3922.9900000500493,1,Anchor,1
0,0,warm_dodo_ebx5ie->56,2,10-46,1,3879.1649999911897,1,Anchor,1
0,0,warm_dodo_ebx5ie->46,1,,1,2192.525000020396,42,Anchor,1
0,0,warm_dodo_ebx5ie->4,1,Hombre,0,2727.6500000152737,182,Anchor,1
0,0,warm_dodo_ebx5ie->11,1,,0,1918.9100000075996,195,Anchor,1
0,0,warm_dodo_ebx5ie->28,1,Agregaralcarrito,1,1600.8250000304542,75,Anchor,1
0,0,warm_dodo_ebx5ie->26,1,50,1,0,0,Anchor,1
0,0,warm_dodo_ebx5ie->22,2,52,0,2799.1849999525584,52,Anchor,1
0,0,warm_dodo_ebx5ie->55,3,Seleccionartalla,2,6201.820000016596,30,Anchor,2
0,0,warm_dodo_ebx5ie->59,1,Agregaralcarrito,1,1633.4450000431389,6,Anchor,1
0,0,fuzzy_turtle_i40d7x->8,1,Consultar,1,836.8999999947846,0,Anchor,1
0,0,strong_horse_zbl3ad->6,1,Seleccionartalla,1,1290.2649999596179,109,Anchor,1
0,0,strong_horse_zbl3ad->13,1,,1,1769.739999959711,0,Anchor,1
0,0,strong_horse_zbl3ad->2,1,Rebajas,1,903.2250000163913,0,Anchor,1
0,0,strong_horse_zbl3ad->5,1,,1,1034.5450000022538,0,Anchor,1
0,0,strong_horse_zbl3ad->4,1,>,1,484.49499998241663,0,Anchor,1
0,0,strong_horse_zbl3ad->7,1,40,1,928.9100000169128,11,Anchor,1
0,0,strong_horse_zbl3ad->9,1,Seguircomprando,1,3566.5749999461696,114,Anchor,1
0,0,strong_horse_zbl3ad->17,1,40,1,0,0,Anchor,1
0,0,strong_horse_zbl3ad->15,1,42,0,549.1749999928288,0,Anchor,1
0,0,strong_horse_zbl3ad->14,2,Vertallas,1,3951.8450000323355,125,Anchor,1
0,0,strong_horse_zbl3ad->8,1,Agregaralcarrito,1,4788.02999999607,35,Anchor,1
0,0,strong_horse_zbl3ad->11,1,Mujer,1,811.939999985043,0,Anchor,1
0,0,curly_turkey_6jqo4q->12,1,Consultar,1,1079.6250000000728,241,Anchor,1
0,0,lazy_chicken_t24dz4->14,1,Hombre,1,440.06499999989046,0,Anchor,1
0,0,lazy_chicken_t24dz4->61,1,>,1,400.0350000000035,0,Anchor,1
0,0,lazy_chicken_t24dz4->52,1,>,1,200.06000000000859,0,Anchor,1
0,0,lazy_chicken_t24dz4->23,1,Camperasyabrigos,1,0,0,Anchor,1
0,0,lazy_chicken_t24dz4->71,1,ParkaCortaReversibleDeMujerResistenteAlAgua,1,2080.029999999966,0,Anchor,1
0,0,lazy_chicken_t24dz4->39,1,Rebajas,1,512.0600000000231,10,Anchor,1
0,0,clever_bobcat_3jif4f->42,1,,1,0,0,Anchor,1
0,0,tricky_earwig_kc989x->22,1,,1,1248.2449999999953,0,Anchor,1
0,0,perfect_mouse_gecsnc->17,1,COTIZ,1,880.0000000046566,1090,Anchor,1
0,0,fast_dolphin_n0saw5->12,1,COTIZ,1,1096.1599999573082,0,Anchor,1
0,0,quick_pug_lsscur->12,1,Consultar,1,1815.8249999396503,0,Anchor,1
0,0,witty_newt_sv8kr8->22,2,,1,2479.865000001155,208,Anchor,1
0,0,lucky_kangaroo_vzdw24->19,1,42,1,311.93500000517815,0,Anchor,1
0,0,lucky_kangaroo_vzdw24->18,1,40,0,448.1050000176765,0,Anchor,1
0,0,lucky_kangaroo_vzdw24->5,2,,3,2417.5250000262167,337,Anchor,2
0,0,lucky_kangaroo_vzdw24->37,1,6-42,1,183.85000000125729,0,Anchor,1
0,0,lucky_kangaroo_vzdw24->21,3,Hombre,0,2948.560000018915,503,Anchor,2
0,0,lucky_kangaroo_vzdw24->39,1,Agregaralcarrito,1,1336.0800000082236,22,Anchor,1
0,0,lucky_kangaroo_vzdw24->12,2,,1,7710.395000001881,195,Anchor,2
0,0,lucky_kangaroo_vzdw24->17,2,Vertallas,1,896.0599999991246,18,Anchor,1
0,0,lucky_kangaroo_vzdw24->31,1,Camisas,1,263.9900000067428,78,Anchor,1
0,0,lucky_kangaroo_vzdw24->2,3,Filtrosyclasificaciones,1,2463.9700000116136,212,Anchor,1
0,0,lucky_kangaroo_vzdw24->35,1,Vertallas,0,423.8699999987148,0,Anchor,1
0,0,lucky_kangaroo_vzdw24->40,2,Seemyshoppingbag2,0,2520.2299999655224,8,Anchor,1
0,0,lucky_kangaroo_vzdw24->1,1,Rebajas,1,1143.8150000176392,76,Anchor,1
0,0,lucky_kangaroo_vzdw24->20,1,Agregaralcarrito,1,896.1199999903329,8,Anchor,1
0,0,tricky_panther_89nmka->12,2,Enviar,2,1271.999999997206,462,Anchor,1
0,0,nervous_zebra_w91ztl->10,1,Enviar,1,361.9050000124844,0,Anchor,1
0,0,nasty_treefrog_xn4ps1->27,1,,1,780.8249999943655,0,Anchor,1
0,0,foolish_vampirebat_pr545s->12,3,,3,1311.8199999444187,1436,Anchor,1
0,0,brown_zebra_83g2jy->10,1,Enviar,1,3601.3999999995576,0,Anchor,1
0,0,tasty_snake_56w8v3->10,1,Enviar,1,1782.2900000028312,0,Anchor,1
0,0,witty_lionfish_6rshw9->10,1,COTIZ,1,736.0000000007858,0,Anchor,1
0,0,strong_parrot_5dku90->20,1,Enviar,1,357.21000004559755,0,Anchor,1
0,0,lucky_fox_sqnjt9->30,7,,0,3424.330000023474,634,Anchor,3
0,0,perfect_emu_33e8u7->16,7,,0,3396.210000006249,869,Anchor,3
0,0,curvy_mule_nz90m7->21,1,,0,839.8150000721216,0,Anchor,1
0,0,slippery_dolphin_b20tdz->10,1,Enviar,0,399.89999996032566,0,Anchor,1
0,0,young_husky_q2kpnk->4,1,LacosteLive,0,9593.965000000026,4958,Anchor,2
0,0,young_husky_q2kpnk->10,1,,0,25457.63000000079,0,Anchor,3
0,0,young_husky_q2kpnk->11,2,Agregaralcarrito,0,43127.919999998994,18981,Anchor,3
0,0,young_husky_q2kpnk->5,2,LacosteSport,0,5741.52000000322,879,Anchor,2
0,1,young_husky_q2kpnk->2,3,Hombre,0,18580.01499999955,17447,Anchor,3
0,0,nasty_rattlesnake_smqzik->19,1,AireAcondicionadoPhilcoSplitInverterFr铆o/calor2838Frigor铆asBlanco220vPhin32h17n,1,19423.279999999068,25096,Anchor,3
0,0,nasty_rattlesnake_smqzik->2,2,Ofertas,2,2583.600000001752,1000,Anchor,2
0,0,nasty_rattlesnake_smqzik->9,2,BicicletaRodado29MountainBikeKlatter,4,36051.67000000074,93928,Anchor,3
0,0,nasty_rattlesnake_smqzik->18,4,MotorolaOneFusion128GbDeepSapphireBlue4GbRam,1,23537.15000000375,22359,Anchor,3
0,0,nasty_rattlesnake_smqzik->24,2,Calcularcu谩ndollega,0,33996.59000000247,95,Anchor,3
0,0,heavy_squid_jxjfkj->28,9,Preguntar,0,25123.15999999919,4971,Anchor,3
0,0,heavy_squid_jxjfkj->20,4,Verlosmediosdepago,0,26750.000000007276,6714,Anchor,3
0,0,heavy_squid_jxjfkj->14,2,BuzoConCapuchaBadgeOfSportFelpaFrancesaadidas,0,6805.844999995315,11016,Anchor,3
0,0,heavy_squid_jxjfkj->3,1,Miscompras,0,42624.25499999881,6972,Anchor,3
0,0,heavy_squid_jxjfkj->27,1,BuzoadidasBrilliantBasicsMujer,0,5963.994999998249,8,Anchor,3
1,1,rare_cheetah_8cxzup->6,4,Verhistorial,2,21908.35999999399,2430,Anchor,3
0,0,rare_cheetah_8cxzup->16,6,SamsungGalaxyA51128GBprismcrushblack4GBRAM,0,37650.274999999965,25270,Anchor,3
0,0,rare_cheetah_8cxzup->22,2,Comprarahora,0,17346.925000001647,4293,Anchor,3
0,0,rare_cheetah_8cxzup->23,4,Soynuevo,0,33542.51500000464,97981,Anchor,3
1,2,rare_cheetah_8cxzup->5,5,Verpromocionesbancarias,1,42117.02499999956,8391,Anchor,3
0,0,rare_cheetah_8cxzup->24,1,Yatengocuenta,2,18537.469999992027,72897,Anchor,3
0,0,rare_cheetah_8cxzup->13,3,CamperaTopperCapuchaDesmontable-163747-Topper,0,52829.12999999826,22387,Anchor,3
0,0,hungry_rat_64980z->2,1,Hombre,0,32374.100000004546,9279,Anchor,3
0,0,hungry_rat_64980z->29,4,LacosteInside,1,59370.929999997315,19028,Anchor,3
0,0,hungry_rat_64980z->27,3,Encontrarunatienda,2,37016.57000000341,1775,Anchor,3
1,1,hungry_rat_64980z->23,5,Promocionesbancarias,0,40027.965000012045,9515,Anchor,3
0,1,hungry_rat_64980z->16,4,PoloDeHombreLacosteSportxNovakDjokovicPrintRespirable,0,42097.920000003796,6222,Anchor,3
0,0,hungry_rat_64980z->11,7,CamperaLacosteSportRolandGarrosxNovakDjokovicDeHombre,0,34076.00999999704,5261,Anchor,3
0,2,hungry_rat_64980z->19,8,Seleccionartalla,1,43278.37499999805,18269,Anchor,3
0,0,hungry_rat_64980z->3,1,Mujer,0,18455.299999997806,491,Anchor,3
0,1,modern_goose_2uwqxb->11,3,Crearmicuenta,1,39771.004999998695,7683,Anchor,3
0,0,modern_goose_2uwqxb->9,4,Iniciarsesi贸n,5,28883.18500000605,1115,Anchor,3
0,0,modern_goose_2uwqxb->15,10,iralpaneldeb煤squeda,0,36743.88000000181,4222,Anchor,3
1,0,modern_goose_2uwqxb->12,4,Seemyshoppingbag0,0,43317.32000000193,4190,Anchor,3
