clicks,exitAndBack,hoverAndBack,hoverToFirstSelection,id,interactions,label,mouseDwellTime,mouseTraceLength,optionsCount,selections,widgetType,rating
0,0,0,1905,dull_fireant_6vu766->11,2,,2048.060000000987,21,2.0,1,RadioSet,1
0,0,0,1208,moody_rabbit_53w523->14,4,,6366.014999977779,687,2.0,1,RadioSet,1
0,0,0,706,blue_donkey_omngf4->3,1,,2385.9900000388734,1188,2.0,1,RadioSet,1
0,0,0,831,blue_donkey_omngf4->2,1,Usado0km,3228.0200000386685,512,2.0,1,RadioSet,1
0,0,0,516,afraid_lion_gneruj->8,1,,784.6999999999316,436,2.0,1,RadioSet,1
0,0,0,489,serious_seahorse_iwp6z5->13,1,MascuFemen,1729.2000000015832,995,2.0,1,RadioSet,1
3,0,0,2706,serious_seahorse_iwp6z5->16,1,SíNo,4376.120000059018,549,2.0,1,RadioSet,1
0,0,0,509,serious_seahorse_iwp6z5->1,1,LaPlEnsenCABASin,1103.914999985136,650,4.0,1,RadioSet,1
0,0,0,1469,serious_seahorse_iwp6z5->17,2,SíNoNosé,2792.060000007041,851,3.0,1,RadioSet,1
1,0,0,2656,serious_seahorse_iwp6z5->11,3,DomicMóvilTraba,16207.920000044396,3415,3.0,1,RadioSet,1
0,0,0,417,serious_seahorse_iwp6z5->0,1,UstedOtra,1696.1400000145659,1003,2.0,1,RadioSet,1
0,0,0,4511,serious_seahorse_iwp6z5->2,1,SíNoNosé,4968.239999987418,284,3.0,1,RadioSet,2
0,0,0,579,sharp_gecko_4i9o2k->5,1,,819.550000000163,663,NaN,1,RadioSet,1
0,0,0,2881,old_goose_1uu715->12,1,DomicMóvilTraba,3174.060000004829,1399,NaN,1,RadioSet,1
0,0,0,1589,old_goose_1uu715->3,1,SíNoNosé,1671.9599999996717,1342,NaN,1,RadioSet,1
0,0,0,942,old_goose_1uu715->1,2,LaPlEnsenCABASin,3559.7500000003492,906,NaN,1,RadioSet,1
0,0,0,2205,old_goose_1uu715->17,1,SíNoNosé,2387.994999997318,1076,NaN,1,RadioSet,1
0,0,0,1732,old_goose_1uu715->15,5,SíNo,8416.279999990365,1795,NaN,1,RadioSet,1
0,0,0,1927,old_goose_1uu715->0,1,UstedOtra,2133.8399999949615,2046,NaN,1,RadioSet,1
0,0,0,1034,old_goose_1uu715->13,2,MascuFemen,2141.6750000062166,2279,NaN,1,RadioSet,1
1,0,0,616,tidy_yak_uxei2h->6,1,,965.7649999990244,293,NaN,1,RadioSet,1
0,0,0,4068,mighty_chicken_l7idsu->16,2,SíNo,9194.919999999882,448,2.0,2,RadioSet,1
0,0,0,3148,mighty_chicken_l7idsu->0,1,UstedOtra,6407.294999999067,4003,2.0,1,RadioSet,1
0,0,0,9354,mighty_chicken_l7idsu->1,1,LaPlEnsenCABASin,9938.790000000154,41,4.0,1,RadioSet,1
0,0,0,1363,mighty_chicken_l7idsu->13,3,MascuFemen,4121.504999999161,724,2.0,1,RadioSet,1
0,0,0,964,mighty_chicken_l7idsu->2,2,SíNoNosé,2993.755000001329,857,3.0,1,RadioSet,1
0,0,0,905,dangerous_turkey_kdg56q->14,1,,2825.9300000008807,206,2.0,1,RadioSet,1
0,0,0,5750,loud_cat_9s162a->2,2,LaPlEnsenCABASin,8352.53499999817,3560,4.0,1,RadioSet,1
4,0,0,23464,loud_cat_9s162a->20,3,SíNoNosé,2929.8500000004424,750,3.0,1,RadioSet,1
0,0,0,3345,loud_cat_9s162a->3,3,SíNoNosé,7895.754999997735,18826,3.0,1,RadioSet,2
2,0,0,6435,loud_cat_9s162a->13,1,DomicMóvilTraba,727.8699999951641,353,3.0,1,RadioSet,2
0,0,0,1517,loud_cat_9s162a->0,1,UstedOtra,3888.0500000013853,1114,2.0,1,RadioSet,2
1,0,0,788,loud_cat_9s162a->1,3,UstedOtra,4952.050000007148,19889,2.0,4,RadioSet,1
0,0,0,18195,loud_cat_9s162a->17,1,SíNo,847.9650000008405,77,2.0,1,RadioSet,2
0,0,0,18887,loud_cat_9s162a->16,0,MascuFemen,47.95999999623746,0,2.0,1,RadioSet,1
1,0,0,589,unlucky_fox_74xdqw->6,2,,1470.0949999969453,777,2.0,1,RadioSet,1
0,0,0,4043,brown_shrimp_xn81ng->11,1,DomicMóvilTraba,4511.799999992945,1083,3.0,1,RadioSet,1
0,0,0,832,brown_shrimp_xn81ng->2,1,SíNoNosé,1493.9700000104494,385,3.0,1,RadioSet,1
0,0,0,1321,brown_shrimp_xn81ng->13,1,MascuFemen,2703.959999984363,1684,2.0,1,RadioSet,1
0,0,0,2596,brown_shrimp_xn81ng->17,2,SíNoNosé,4223.889999993844,1792,3.0,1,RadioSet,1
0,0,0,499,brown_shrimp_xn81ng->0,1,UstedOtra,10393.869999999879,1455,2.0,1,RadioSet,1
0,0,0,2169,brown_shrimp_xn81ng->14,2,SíNo,7860.210000013467,1174,2.0,2,RadioSet,1
0,0,0,260,brown_shrimp_xn81ng->1,1,LaPlEnsenCABASin,1903.8849999924423,22,4.0,1,RadioSet,1
2,0,0,394,dry_goose_lmay8i->14,1,,2553.910000002361,268,2.0,2,RadioSet,1
0,0,0,1964,mighty_grasshopper_pgm3z1->3,1,SíNoNosé,2655.9999999999563,364,3.0,1,RadioSet,1
0,0,0,1192,mighty_grasshopper_pgm3z1->17,1,SíNoNosé,1922,525,3.0,1,RadioSet,1
0,0,0,7503,mighty_grasshopper_pgm3z1->11,2,DomicMóvilTraba,9837.000000000262,3009,3.0,1,RadioSet,2
0,0,0,17621,mighty_grasshopper_pgm3z1->14,2,SíNo,21361.999999999593,823,2.0,1,RadioSet,2
0,0,0,1732,mighty_grasshopper_pgm3z1->12,3,MascuFemen,4681.000000000233,300,2.0,1,RadioSet,1
0,0,0,1595,mighty_grasshopper_pgm3z1->0,1,UstedOtra,2742.9999999999272,264,2.0,1,RadioSet,1
0,0,0,1197,mighty_grasshopper_pgm3z1->1,1,LaPlEnsenCABASin,2147.9999999999127,202,4.0,1,RadioSet,1
1,0,0,963,warm_mouse_kd708h->7,1,Usado0km,1711.9850000017323,554,2.0,1,RadioSet,1
0,0,0,523,warm_mouse_kd708h->9,2,,1608.1500000000233,300,2.0,1,RadioSet,1
0,0,0,14081,selfish_bear_fwvsqm->0,2,,24063.97000000016,126965,5,2,RadioSet,3
0,0,0,887,selfish_bear_fwvsqm->10,2,,11451.965000000695,11618,5,3,RadioSet,2
0,0,0,8586,selfish_bear_fwvsqm->4,4,,19463.1449999997,30471,5,3,RadioSet,3
0,0,0,2262,selfish_bear_fwvsqm->6,4,,16649.389999999083,30591,5,2,RadioSet,3
0,0,0,1546,selfish_bear_fwvsqm->9,2,,19326.92000000039,37578,5,4,RadioSet,3
0,0,0,2965,selfish_bear_fwvsqm->7,3,,12834.609999999375,48694,5,3,RadioSet,3
0,0,0,3299,selfish_bear_fwvsqm->1,2,,15838.099999999482,52324,5,2,RadioSet,3
0,0,0,3898,selfish_bear_fwvsqm->2,2,,9787.390000000392,24501,5,2,RadioSet,3
0,0,0,4943,selfish_bear_fwvsqm->3,4,,20407.309999999605,48718,5,2,RadioSet,3
0,0,0,3326,selfish_bear_fwvsqm->5,2,,9641.140000000189,25660,5,2,RadioSet,3
0,0,0,3474,kind_grasshopper_awambl->0,2,UstedOtra,4602.074999944307,5331,2.0,1,RadioSet,1
0,0,0,1052,kind_grasshopper_awambl->1,1,PhoenJacksRocheSin,1809.9250000086613,1167,4.0,1,RadioSet,1
0,0,0,591,kind_grasshopper_awambl->22,1,MascuFemen,1097.9650000226684,1507,2.0,1,RadioSet,1
0,0,0,1356,kind_grasshopper_awambl->3,1,SíNoNosé,1748.0050000012852,1675,3.0,1,RadioSet,1
0,0,0,1314,kind_grasshopper_awambl->23,1,SíNo,1901.9450000487268,703,2.0,1,RadioSet,1
0,0,0,1567,kind_grasshopper_awambl->13,1,DomicMóvilTraba,2202.024999947753,1538,3.0,1,RadioSet,1
0,0,0,2469,kind_grasshopper_awambl->26,1,SíNoNosé,3134.0049999998882,1381,3.0,1,RadioSet,1
0,0,0,930,soft_mole_sianjd->5,1,,1379.9050000379793,442,2.0,1,RadioSet,1
0,0,0,1458,tasty_zebra_0q7jgx->17,1,DomicMóvilTraba,2424.135000008391,4247,3.0,1,RadioSet,1
0,0,0,1011,tasty_zebra_0q7jgx->0,2,UstedOtra,2824.0650000225287,1322,2.0,1,RadioSet,1
0,0,0,480,tasty_zebra_0q7jgx->24,1,SíNoNosé,848.0449999915436,244,3.0,1,RadioSet,1
0,0,0,1725,tasty_zebra_0q7jgx->1,1,PhoenJacksRocheSin,2200.029999978142,362,4.0,1,RadioSet,1
0,0,0,1792,tasty_zebra_0q7jgx->23,4,SíNo,6248.0950000172015,1362,2.0,1,RadioSet,1
0,0,0,1981,tasty_zebra_0q7jgx->2,1,SíNoNosé,2736.015000002226,469,3.0,1,RadioSet,1
0,0,0,529,tasty_zebra_0q7jgx->21,1,MascuFemen,1152.0300000265706,35,2.0,1,RadioSet,1
1,0,0,646,tasty_bullfrog_ww274d->5,1,,944.0399999730289,373,2.0,1,RadioSet,1
1,0,0,2779,cuddly_walrus_v2fufh->11,3,,6256.079999729991,813,2.0,1,RadioSet,1
0,0,0,11619,fast_gecko_mt0ozl->9,0,,295.9350000601262,422,2.0,1,RadioSet,1
0,0,0,1213,light_dragonfly_jy7hdq->21,1,SíNoNosé,1601.9300000007206,505,3.0,1,RadioSet,1
0,0,0,806,light_dragonfly_jy7hdq->0,2,UstedOtra,3702.1549999990384,4990,2.0,1,RadioSet,1
0,0,0,852,light_dragonfly_jy7hdq->11,1,DomicMóvilTraba,1732.029999999213,952,3.0,1,RadioSet,1
0,0,0,568,light_dragonfly_jy7hdq->19,1,MascuFemen,1234.0599999988626,285,2.0,1,RadioSet,1
1,0,0,506,light_dragonfly_jy7hdq->23,2,SíNo,1999.920000002021,357,2.0,1,RadioSet,1
0,0,0,500,light_dragonfly_jy7hdq->1,1,PhoenJacksRocheSin,4076.020000000426,319,4.0,1,RadioSet,1
0,0,0,1389,light_dragonfly_jy7hdq->2,1,SíNoNosé,3245.9249999992608,961,3.0,1,RadioSet,1
1,0,0,716,funny_mole_5yv9v8->9,2,,2549.9499999968975,441,2.0,1,RadioSet,1
0,0,0,2816,ordinary_yak_akw1ty->10,3,DomicMóvilTraba,10795.07500003092,1672,3.0,1,RadioSet,1
0,0,0,1536,ordinary_yak_akw1ty->1,1,LaPlEnsenCABASin,2312.235000077635,429,4.0,1,RadioSet,1
0,0,0,870,ordinary_yak_akw1ty->0,1,UstedOtra,1504.1999999666587,204,2.0,1,RadioSet,1
0,0,0,1378,ordinary_yak_akw1ty->13,2,MascuFemen,3443.3950000675395,1118,2.0,1,RadioSet,1
0,0,0,2268,ordinary_yak_akw1ty->17,1,SíNoNosé,2677.57000005804,3346,3.0,1,RadioSet,1
0,0,0,3332,ordinary_yak_akw1ty->2,2,SíNoNosé,4367.8899998776615,6246,3.0,1,RadioSet,1
0,0,0,4922,ordinary_yak_akw1ty->16,5,SíNo,13326.420000055805,4802,2.0,2,RadioSet,1
1,0,0,608,orange_cheetah_o4381g->4,1,,791.8199999839999,359,2.0,1,RadioSet,1
0,0,0,284,modern_wolverine_tonn9h->4,1,,1530.060000019148,404,2.0,1,RadioSet,1
1,0,0,1570,rotten_warthog_gegbix->11,4,DomicMóvilTraba,6396.309999981895,2612,3.0,1,RadioSet,2
0,0,0,421,rotten_warthog_gegbix->13,2,MascuFemen,3211.825000005774,1499,2.0,1,RadioSet,1
0,0,0,499,rotten_warthog_gegbix->1,2,LaPlEnsenCABASin,1554.3150000739843,858,4.0,1,RadioSet,1
0,0,0,463,rotten_warthog_gegbix->0,1,UstedOtra,841.6749999159947,1403,2.0,1,RadioSet,1
0,0,0,2989,rotten_warthog_gegbix->17,2,SíNoNosé,4210.035000112839,2960,3.0,1,RadioSet,1
3,0,0,858,rotten_warthog_gegbix->16,6,SíNo,5682.789999991655,2120,2.0,1,RadioSet,2
0,0,0,844,warm_turtle_5wkhu5->11,2,,1616.2300000432879,322,2.0,1,RadioSet,1
1,0,0,1072,serious_puma_k5fthr->1,1,Usado0km,1296.0899999998219,531,2.0,1,RadioSet,1
0,0,0,403,serious_puma_k5fthr->24,2,,1271.87000000049,2301,2.0,1,RadioSet,1
1,0,0,1334,green_bird_3hnixp->2,1,Usado0km,1722.8200000000706,1922,2.0,1,RadioSet,1
0,0,0,1838,green_bird_3hnixp->3,1,,2504.699999999957,3684,2.0,1,RadioSet,1
1,0,0,529,hard_dragon_mamsva->1,1,Usado0km,775.9999999980209,320,NaN,1,RadioSet,1
0,0,0,525,hard_dragon_mamsva->4,2,,1248.0300000170246,2932,NaN,1,RadioSet,1
0,0,0,888,lucky_turtle_gtsl37->13,1,MascuFemen,1752.454999834299,314,NaN,1,RadioSet,1
0,0,0,1040,lucky_turtle_gtsl37->0,1,UstedOtra,1876.8750000745058,204,NaN,1,RadioSet,1
0,0,0,3592,lucky_turtle_gtsl37->10,2,DomicMóvilTraba,5015.634999843314,449,NaN,1,RadioSet,1
0,0,0,536,lucky_turtle_gtsl37->1,1,LaPlEnsenCABASin,920.7249998580664,79,NaN,1,RadioSet,1
0,0,0,2782,lucky_turtle_gtsl37->16,4,SíNo,10268.119999906048,2133,NaN,1,RadioSet,1
0,0,0,939,lucky_turtle_gtsl37->2,1,SíNoNosé,1328.3449998125434,227,NaN,1,RadioSet,1
0,0,0,483,green_penguin_0ombxx->5,1,,1936.0749998595566,130,NaN,1,RadioSet,1
0,0,0,1101,tasty_frog_jnnx0t->13,3,,3771.964999999909,545,NaN,1,RadioSet,1
1,0,0,556,spicy_rattlesnake_k894ev->1,1,Usado0km,1199.864999995043,721,2.0,1,RadioSet,1
0,0,0,384,spicy_rattlesnake_k894ev->5,2,,2279.865000004065,2917,2.0,1,RadioSet,1
0,0,0,1526,bitter_wolverine_p2hxmb->2,1,,1951.9550000000017,2356,2.0,1,RadioSet,1
1,0,0,660,bitter_wolverine_p2hxmb->0,3,Usado0km,3951.91,2822,2.0,1,RadioSet,2
0,0,0,430,funny_octopus_hclzbz->6,1,,1032.0749999999643,585,2.0,1,RadioSet,1
0,0,0,2536,perfect_dragon_fqnipa->1,3,LaPlEnsenCABASin,5357.414999999721,2256,4.0,1,RadioSet,1
0,0,0,3823,perfect_dragon_fqnipa->2,2,SíNoNosé,6679.859999999961,7489,3.0,1,RadioSet,1
0,0,0,2214,perfect_dragon_fqnipa->11,2,DomicMóvilTraba,3711.9150000001027,2296,3.0,1,RadioSet,1
3,0,0,841,perfect_dragon_fqnipa->16,4,SíNo,6119.849999999817,2796,2.0,1,RadioSet,2
0,0,0,716,perfect_dragon_fqnipa->0,2,UstedOtra,1838.6950000003708,753,2.0,1,RadioSet,1
0,0,0,1874,perfect_dragon_fqnipa->17,2,SíNoNosé,4647.854999999938,1439,3.0,1,RadioSet,1
0,0,0,892,perfect_dragon_fqnipa->13,1,MascuFemen,1671.9300000001822,712,2.0,1,RadioSet,1
0,0,0,1906,brave_deer_dmwxpt->6,1,,2903.9899999997942,3012,2.0,1,RadioSet,1
0,0,0,2245,rotten_bullfrog_c23c5e->3,1,Usado0km,2639.940000000024,383,2.0,1,RadioSet,1
0,0,0,1454,rotten_bullfrog_c23c5e->4,1,,2399.934999999914,3528,2.0,1,RadioSet,1
0,0,0,1072,horrible_owl_49ztzb->6,1,LaPlEnsenCABASin,1451.7049999994924,1021,4.0,1,RadioSet,1
0,0,0,753,horrible_owl_49ztzb->14,1,DomicMóvilTraba,1624.3550000035611,769,3.0,1,RadioSet,1
0,0,0,913,horrible_owl_49ztzb->7,1,SíNoNosé,1148.3399999997346,587,3.0,1,RadioSet,1
0,0,0,1570,horrible_owl_49ztzb->5,1,UstedOtra,2005.6799999983923,5554,2.0,1,RadioSet,1
0,0,0,2904,helpless_lionfish_0btb3l->3,1,SíNoNosé,3558.000000019092,2062,3.0,1,RadioSet,1
0,0,0,499,helpless_lionfish_0btb3l->0,1,UstedOtra,1453.9999999688007,624,2.0,1,RadioSet,1
0,0,0,6165,helpless_lionfish_0btb3l->1,1,LaPlEnsenCABASin,9364.000000001397,818,4.0,1,RadioSet,1
0,0,0,4345,helpless_lionfish_0btb3l->23,1,SíNo,1679.999999993015,423,2.0,1,RadioSet,1
0,0,0,1505,helpless_lionfish_0btb3l->13,1,MascuFemen,2557.7749999356456,269,2.0,1,RadioSet,1
1,0,0,2770,helpless_lionfish_0btb3l->11,5,DomicMóvilTraba,7621.999999915715,5005,3.0,1,RadioSet,1
1,0,0,1512,tame_starfish_r1sowe->2,1,Usado0km,3729.9999999813735,3666,2.0,1,RadioSet,1
0,0,0,263,tame_starfish_r1sowe->1,1,,1407.999999995809,623,2.0,1,RadioSet,1
0,0,0,1423,foolish_rattlesnake_2jntlq->6,1,Usado0km,3230.000000000022,124,2.0,1,RadioSet,1
0,0,0,861,foolish_rattlesnake_2jntlq->5,2,Parti,5368.999999999927,633,2.0,1,RadioSet,1
1,0,0,1294,terrible_panther_cb2d55->1,1,Usado0km,3442.1149999834597,636,2.0,2,RadioSet,1
0,0,0,1119,silly_baboon_m5r2ma->0,3,UstedOtra,2863.4000001475215,2657,2.0,1,RadioSet,1
0,0,0,1194,silly_baboon_m5r2ma->1,4,LaPlEnsenCABASin,6849.479999742471,2284,4.0,1,RadioSet,1
0,0,0,3011,silly_baboon_m5r2ma->2,2,SíNoNosé,2719.4699998945,830,3.0,1,RadioSet,1
0,0,0,2498,silly_baboon_m5r2ma->17,1,SíNoNosé,3601.0349999414757,576,3.0,1,RadioSet,1
0,0,0,1590,silly_baboon_m5r2ma->13,2,MascuFemen,2415.760000003502,668,2.0,1,RadioSet,1
0,0,0,6167,silly_baboon_m5r2ma->11,2,DomicMóvilTraba,7624.549999833107,4273,3.0,1,RadioSet,2
2,0,0,935,silly_baboon_m5r2ma->14,5,SíNo,12998.944999999367,1912,2.0,1,RadioSet,1
0,0,0,1162,honest_zebra_tqk1sk->28,1,,1840.570000000298,1574,2.0,1,RadioSet,1
1,0,0,471,honest_zebra_tqk1sk->31,1,Usado0km,832.204999984242,52,2.0,1,RadioSet,1
0,0,0,8893,curvy_hound_9j3ya2->2,2,SíNoNosé,9703.784999903291,6869,3.0,1,RadioSet,2
0,0,0,6193,curvy_hound_9j3ya2->16,1,SíNo,9719.039999879897,2615,2.0,1,RadioSet,1
0,0,0,957,curvy_hound_9j3ya2->17,1,SíNoNosé,1264.0749999554828,2917,3.0,1,RadioSet,1
0,0,0,1854,curvy_hound_9j3ya2->1,1,LaPlEnsenCABASin,2240.1300000492483,1027,4.0,1,RadioSet,1
0,0,0,1435,curvy_hound_9j3ya2->9,2,DomicMóvilTraba,3591.880000079982,487,3.0,1,RadioSet,1
0,0,0,1378,curvy_hound_9j3ya2->13,1,MascuFemen,2383.1050001317635,781,2.0,1,RadioSet,1
1,0,0,1016,perfect_bear_wl8ntk->3,1,Usado0km,2135.1199999999153,3478,2.0,1,RadioSet,1
1,0,0,1098,perfect_bear_wl8ntk->4,1,,1879.9200000003111,1503,2.0,1,RadioSet,1
0,0,0,1107,ugly_chicken_j18tng->12,2,DomicMóvilTraba,2888.3549999995957,2540,3.0,1,RadioSet,1
0,0,0,1265,ugly_chicken_j18tng->1,1,UstedOtra,2985.8899999999267,520,2.0,1,RadioSet,1
0,0,0,880,ugly_chicken_j18tng->4,1,SíNoNosé,1183.980000000247,540,3.0,1,RadioSet,1
0,0,0,1408,ugly_chicken_j18tng->21,1,SíNoNosé,2096.6900000003225,4201,3.0,1,RadioSet,1
0,0,0,1070,ugly_chicken_j18tng->2,1,LaPlEnsenCABASin,2512.5299999999697,792,4.0,1,RadioSet,1
0,0,0,5622,ugly_chicken_j18tng->17,0,MascuFemen,512.0649999998859,526,2.0,1,RadioSet,1
0,0,0,714,lucky_dragonfly_xiliw9->13,2,MascuFemen,1706.2150000128895,407,2.0,1,RadioSet,1
0,0,0,1230,lucky_dragonfly_xiliw9->1,1,LaPlEnsenCABASin,1581.3599999528378,31,4.0,1,RadioSet,1
0,0,0,2269,lucky_dragonfly_xiliw9->16,2,SíNo,3319.9499999172986,2894,2.0,1,RadioSet,1
0,0,0,1309,lucky_dragonfly_xiliw9->17,1,SíNoNosé,2064.4950000569224,3246,3.0,1,RadioSet,1
1,0,0,2079,lucky_dragonfly_xiliw9->11,3,DomicMóvilTraba,5850.515000056475,1353,3.0,1,RadioSet,1
0,0,0,1306,lucky_dragonfly_xiliw9->2,1,SíNoNosé,2284.2850000597537,3530,3.0,1,RadioSet,1
0,0,0,1309,lucky_dragonfly_xiliw9->0,1,UstedOtra,3953.39999999851,2348,2.0,2,RadioSet,1
0,0,0,810,brave_otter_l05i7f->4,1,,1750.3949999809265,241,2.0,1,RadioSet,1
1,0,0,1063,brave_otter_l05i7f->3,1,Usado0km,3324.940000195056,648,2.0,1,RadioSet,1
0,0,0,868,cowardly_dolphin_md3hlg->14,1,MascuFemen,1318.4300000139046,523,2.0,1,RadioSet,1
0,0,0,7762,cowardly_dolphin_md3hlg->3,1,SíNoNosé,13764.405000023544,3753,3.0,1,RadioSet,2
0,0,0,2470,cowardly_dolphin_md3hlg->18,1,SíNoNosé,2793.320000026142,1394,3.0,1,RadioSet,1
0,0,0,4440,cowardly_dolphin_md3hlg->2,1,LaPlEnsenCABASin,4766.02000001003,726,4.0,1,RadioSet,1
1,0,0,5817,cowardly_dolphin_md3hlg->12,4,DomicMóvilTraba,13091.515000036452,2372,3.0,1,RadioSet,1
0,0,0,2778,cowardly_dolphin_md3hlg->1,1,UstedOtra,5189.299999998184,1280,2.0,1,RadioSet,1
1,0,0,4324,cowardly_dolphin_md3hlg->17,1,SíNo,4704.564999992726,3047,2.0,1,RadioSet,1
0,0,0,2659,blue_wombat_y9pdx6->16,2,,4959.715000004508,199,2.0,1,RadioSet,1
1,0,0,451,fat_termite_8i1f0j->0,1,Usado0km,1700.454999999918,161,2.0,1,RadioSet,1
0,0,0,515,fat_termite_8i1f0j->1,1,SINO,1329.3899999998757,149,2.0,1,RadioSet,1
0,0,0,446,fat_termite_8i1f0j->2,1,,1010.0400000001173,62,2.0,1,RadioSet,1
1,0,0,563,tricky_seahorse_x6nbuw->4,1,,860.4150000001027,300,2.0,1,RadioSet,1
0,0,0,7662,bitter_turtle_ngqjsw->16,2,SíNo,9663.939999999915,261,2.0,1,RadioSet,2
0,0,0,1841,bitter_turtle_ngqjsw->1,1,LaPlEnsenCABASin,2308.3599999999933,348,4.0,1,RadioSet,1
0,0,0,411,bitter_turtle_ngqjsw->13,2,MascuFemen,2044.2849999999526,61,2.0,1,RadioSet,1
0,0,0,2562,bitter_turtle_ngqjsw->2,1,SíNoNosé,3831.8050000000294,3725,3.0,1,RadioSet,1
0,0,0,1008,bitter_turtle_ngqjsw->0,1,UstedOtra,2632.3099999999613,480,2.0,1,RadioSet,1
0,0,0,4068,bitter_turtle_ngqjsw->11,2,DomicMóvilTraba,6048.520000000055,1842,3.0,1,RadioSet,1
0,0,0,1313,bitter_turtle_ngqjsw->17,1,SíNoNosé,2213.4499999999534,237,3.0,1,RadioSet,1
1,0,0,567,wise_rattlesnake_erbrmf->9,6,,10367.44000017643,652,2.0,1,RadioSet,1
0,0,0,589,slimy_stingray_qluro5->17,2,SíNo,2775.4700000000303,814,2.0,1,RadioSet,1
0,0,0,940,slimy_stingray_qluro5->1,1,UstedOtra,1160.1600000001326,316,2.0,1,RadioSet,1
0,0,0,1163,slimy_stingray_qluro5->3,1,SíNoNosé,1912.2200000001576,1157,3.0,1,RadioSet,1
0,0,0,1043,slimy_stingray_qluro5->2,2,LaPlEnsenCABASin,2512.8199999999197,2195,4.0,1,RadioSet,1
0,0,0,1720,slimy_stingray_qluro5->12,3,DomicMóvilTraba,4303.764999999425,1224,3.0,1,RadioSet,1
0,0,0,1115,slimy_stingray_qluro5->18,2,SíNoNosé,2871.109999999826,834,3.0,1,RadioSet,1
0,0,0,995,slimy_stingray_qluro5->14,1,MascuFemen,1570.8600000000297,1049,2.0,1,RadioSet,1
0,0,0,1439,unlucky_mule_4poo1z->6,1,,2807.525000000169,733,2.0,1,RadioSet,1
1,0,0,1583,unlucky_mule_4poo1z->5,1,Usado0km,2208.1199999997807,1648,2.0,1,RadioSet,1
1,0,0,828,quick_horse_oktn94->6,1,,1159.8700000031386,2505,2.0,1,RadioSet,1
0,0,0,3358,horrible_snail_zpb8jl->2,1,SíNoNosé,4565.064999998867,7092,3.0,1,RadioSet,2
0,0,0,1470,horrible_snail_zpb8jl->17,2,SíNoNosé,2416.0249999986263,688,3.0,1,RadioSet,1
0,0,0,2420,horrible_snail_zpb8jl->11,2,DomicMóvilTraba,2759.9300000001676,981,3.0,1,RadioSet,1
0,0,0,1479,horrible_snail_zpb8jl->0,1,UstedOtra,4832.164999999804,3776,2.0,1,RadioSet,1
0,0,0,704,horrible_snail_zpb8jl->16,3,SíNo,5769.265000002633,1396,2.0,1,RadioSet,2
0,0,0,1187,horrible_snail_zpb8jl->1,2,LaPlEnsenCABASin,3663.895000001503,4387,4.0,1,RadioSet,2
0,0,0,593,horrible_snail_zpb8jl->13,1,MascuFemen,1687.9749999970954,406,2.0,1,RadioSet,1
1,0,0,815,serious_newt_kebs4b->4,1,Usado0km,3198.96999996854,96,2.0,1,RadioSet,1
0,0,0,1836,serious_newt_kebs4b->5,1,,2784.7450000117533,1806,2.0,1,RadioSet,1
0,0,0,544,modern_pig_9h9i8i->4,1,,1355.280000017956,757,2.0,1,RadioSet,1
0,0,0,3583,mighty_turkey_qk4ujf->17,1,SíNoNosé,4460.974999994505,467,3.0,1,RadioSet,2
0,0,0,2682,mighty_turkey_qk4ujf->14,1,SíNo,4916.130000026897,366,2.0,1,RadioSet,1
0,0,0,660,mighty_turkey_qk4ujf->1,1,UstedOtra,4620.91999995755,141,2.0,1,RadioSet,1
0,0,0,4178,mighty_turkey_qk4ujf->11,2,DomicMóvilTraba,6186.77500000922,986,3.0,1,RadioSet,2
0,0,0,2824,mighty_turkey_qk4ujf->0,1,LaPlEnsenCABASin,3912.5650000642054,532,4.0,1,RadioSet,2
0,0,0,3744,mighty_turkey_qk4ujf->2,2,SíNoNosé,6522.815000033006,2081,3.0,1,RadioSet,1
0,0,0,823,mighty_turkey_qk4ujf->13,3,MascuFemen,3435.3750000009313,392,2.0,1,RadioSet,1
1,0,0,1185,nice_swan_k47ade->4,1,Usado0km,1698.065000004135,1189,2.0,1,RadioSet,1
0,0,0,688,nice_swan_k47ade->21,1,,742.0050000073388,473,2.0,1,RadioSet,1
0,0,0,673,nice_swan_k47ade->8,1,,947.9649999411777,937,2.0,1,RadioSet,1
1,0,0,793,polite_ape_4rcn9q->5,1,Usado0km,2153.935000009369,289,2.0,1,RadioSet,1
0,0,0,144,polite_ape_4rcn9q->6,1,,1508.1150000041816,11,2.0,1,RadioSet,1
0,0,0,742,strong_goat_nehizj->7,1,,1169.9949999892851,698,2.0,1,RadioSet,1
1,0,0,2469,light_cobra_bww74k->0,2,Usado0km,5448.194999946281,2029,2.0,1,RadioSet,1
1,0,0,1358,light_cobra_bww74k->1,3,,5159.525000024587,3478,2.0,1,RadioSet,2
1,0,0,582,splendid_elephant_omc0fx->5,1,,800.139999948442,501,2.0,1,RadioSet,1
0,0,0,321,rare_bobcat_71r8al->1,3,,2499.02000000111,2537,2.0,1,RadioSet,1
1,0,0,293,rare_bobcat_71r8al->0,3,Usado0km,2091.9449999964854,1890,2.0,1,RadioSet,1
0,0,0,144,rare_bobcat_71r8al->4,0,SINO,702.0499999998719,130,2.0,1,RadioSet,1
1,0,0,854,wonderful_dragonfly_1rhhlg->10,1,,1160.7500000009168,1378,2.0,1,RadioSet,1
0,0,0,2489,slimy_quail_kycsye->1,1,LaPlEnsenCABASin,3328.9349999977276,531,4.0,1,RadioSet,1
0,0,0,2253,slimy_quail_kycsye->2,1,SíNoNosé,3481.9149999821093,423,3.0,1,RadioSet,1
0,0,0,4074,slimy_quail_kycsye->11,2,DomicMóvilTraba,8482.680000015534,783,3.0,1,RadioSet,1
0,0,0,1197,slimy_quail_kycsye->14,1,MascuFemen,2261.1049999832176,249,2.0,1,RadioSet,1
0,0,0,2225,slimy_quail_kycsye->0,1,UstedOtra,3132.8750000102445,318,2.0,1,RadioSet,1
0,0,0,1296,slimy_quail_kycsye->17,1,SíNoNosé,2966.305000009015,270,3.0,1,RadioSet,1
0,0,0,3546,blue_lion_oobpc3->2,1,SINO,461.5800000028685,67,NaN,1,RadioSet,1
1,0,0,1292,blue_lion_oobpc3->1,1,,2460.025000007823,537,NaN,1,RadioSet,1
1,0,0,609,blue_lion_oobpc3->0,1,Usado0km,1475.6999999806285,116,NaN,1,RadioSet,1
1,0,0,959,breezy_mule_mx3l96->2,1,Usado0km,1622.2650000127032,73,NaN,1,RadioSet,1
0,0,0,1082,breezy_mule_mx3l96->1,1,,2040.5249999894295,486,NaN,1,RadioSet,1
0,0,0,4204,rare_monkey_8k2kgc->1,1,,4991.99999999837,360,NaN,1,RadioSet,1
1,0,0,501,rare_monkey_8k2kgc->0,1,Usado0km,3218.0000000007567,562,NaN,1,RadioSet,1
0,0,0,338,pink_earwig_2u2hgd->6,0,,62.000000005355105,35,NaN,1,RadioSet,1
0,0,0,2451,modern_newt_qlgbsb->17,1,SíNoNosé,2997.9999999995925,1756,NaN,1,RadioSet,1
0,0,0,1591,modern_newt_qlgbsb->2,3,SíNoNosé,9692.999999999302,3392,NaN,1,RadioSet,1
0,0,0,748,modern_newt_qlgbsb->0,1,UstedOtra,1363.999999994121,510,NaN,1,RadioSet,1
0,0,0,2514,modern_newt_qlgbsb->10,2,DomicMóvilTraba,3862.0000000009895,1892,NaN,1,RadioSet,1
0,0,0,182,modern_newt_qlgbsb->14,1,MascuFemen,1932.0000000006985,563,NaN,1,RadioSet,1
0,0,0,1687,modern_newt_qlgbsb->1,1,LaPlEnsenCABASin,3483.0000000074506,1558,NaN,1,RadioSet,1
0,0,0,403,new_stingray_b2j2f6->3,1,,528.0000000000218,277,NaN,1,RadioSet,1
0,0,0,739,wet_otter_j0a16e->5,1,,1168.2750000036322,557,2.0,1,RadioSet,1
1,0,0,904,wonderful_bullfrog_mmrhw9->4,1,,1087.9750000021886,832,NaN,1,RadioSet,1
0,0,0,1328,unlucky_dingo_6y098n->9,1,,1599.9849999934668,3146,NaN,1,RadioSet,1
0,0,0,781,unlucky_dingo_6y098n->5,1,,1340.1500000036322,2600,NaN,1,RadioSet,1
0,0,0,1107,unlucky_dingo_6y098n->3,2,,2855.8950000006007,8540,NaN,2,RadioSet,1
0,0,0,548,unlucky_dingo_6y098n->0,1,,1120.054999992135,1103,NaN,1,RadioSet,1
0,0,0,766,unlucky_dingo_6y098n->6,1,,1207.9800000210525,3502,NaN,1,RadioSet,1
0,0,0,759,unlucky_dingo_6y098n->1,1,,1119.9950000009267,1697,NaN,1,RadioSet,1
0,0,0,753,unlucky_dingo_6y098n->4,2,,2263.9900000212947,3674,NaN,1,RadioSet,1
0,0,0,728,unlucky_dingo_6y098n->8,1,,1088.0449999967823,3278,NaN,1,RadioSet,1
0,0,0,1354,unlucky_dingo_6y098n->2,1,,1568.0049999937182,5906,NaN,1,RadioSet,1
0,0,0,2827,mean_rat_uzr8lj->8,1,,5266.010000021197,10818,5,1,RadioSet,2
0,0,0,3090,mean_rat_uzr8lj->5,1,,3344.229999987874,2693,5,1,RadioSet,2
0,0,0,840,mean_rat_uzr8lj->9,1,,1219.6399999666028,8552,5,1,RadioSet,1
0,0,0,2419,mean_rat_uzr8lj->4,1,,2823.549999971874,5725,5,1,RadioSet,1
0,0,0,1018,mean_rat_uzr8lj->2,1,,1810.6150000239722,2149,5,1,RadioSet,1
0,0,0,3187,mean_rat_uzr8lj->6,1,,5022.460000065621,10835,5,1,RadioSet,1
0,0,0,744,mean_rat_uzr8lj->3,2,,5971.254999982193,7353,5,1,RadioSet,1
0,0,0,4612,mean_rat_uzr8lj->0,2,,7926.344999985304,12505,5,1,RadioSet,2
0,0,0,2492,mean_rat_uzr8lj->1,1,,4669.649999996182,4055,5,1,RadioSet,1
0,0,0,642,mean_rat_uzr8lj->7,1,,944.2699999781325,1331,5,1,RadioSet,1
0,0,0,2336,wonderful_cow_11s07t->4,1,,2724.820000003092,3391,2,1,RadioSet,1
0,0,0,2236,wonderful_cow_11s07t->0,1,Usado0km,2856.0750000178814,2664,2,1,RadioSet,1
1,0,0,778,smooth_dodo_fhlhfp->12,5,DomicMóvilTraba,6823.999999999942,2774,3.0,1,RadioSet,1
0,0,0,615,smooth_dodo_fhlhfp->2,1,LaPlEnsenCABASin,903.9999999999964,120,4.0,1,RadioSet,1
1,0,0,3754,smooth_dodo_fhlhfp->17,4,SíNo,9464.000000000146,3806,2.0,1,RadioSet,2
0,0,0,553,smooth_dodo_fhlhfp->14,2,MascuFemen,3511.9999999999563,876,2.0,2,RadioSet,1
0,0,0,2491,smooth_dodo_fhlhfp->18,1,SíNoNosé,2856,5466,3.0,1,RadioSet,1
0,0,0,978,smooth_dodo_fhlhfp->1,3,UstedOtra,3504.000000000018,780,2.0,1,RadioSet,1
0,0,0,732,smooth_dodo_fhlhfp->3,2,SíNoNosé,4631.000000000084,1648,3.0,1,RadioSet,1
1,0,0,1352,curvy_quail_pxdmnl->6,1,,11007.464999998774,1209,2.0,1,RadioSet,1
0,0,0,11114,heavy_puma_3jm0mk->10,1,MascuFemen,2662.270000000717,10,NaN,1,RadioSet,1
0,0,0,674,heavy_puma_3jm0mk->22,2,SíNo,5211.595000000671,292,NaN,1,RadioSet,1
0,0,0,958,heavy_puma_3jm0mk->1,2,LaPlEnsenCABASin,6320.755000000645,1995,NaN,1,RadioSet,2
0,0,0,3442,heavy_puma_3jm0mk->0,2,UstedOtra,9371.365000002697,1545,NaN,1,RadioSet,2
0,0,0,3989,heavy_puma_3jm0mk->23,1,SíNoNosé,6477.134999997361,641,NaN,3,RadioSet,1
0,0,0,1356,heavy_puma_3jm0mk->12,3,DomicMóvilTraba,2880.1500000008673,760,NaN,1,RadioSet,1
0,0,0,1073,heavy_puma_3jm0mk->3,1,SíNoNosé,1665.450000000419,306,NaN,1,RadioSet,1
0,0,0,692,tame_rat_p9j84w->5,1,,2147.9999999974098,2934,NaN,2,RadioSet,1
1,0,0,1586,helpless_rat_4xsb91->20,3,SíNo,4177.999999999884,4964,NaN,1,RadioSet,1
0,0,0,1262,helpless_rat_4xsb91->1,1,UstedOtra,1984.0000000003783,2273,NaN,1,RadioSet,1
0,0,0,912,helpless_rat_4xsb91->0,3,LaPlEnsenCABASin,2843.0000000007567,5801,NaN,1,RadioSet,1
0,0,0,1504,helpless_rat_4xsb91->21,1,SíNoNosé,2143.000000000029,4648,NaN,1,RadioSet,1
0,0,0,556,helpless_rat_4xsb91->2,2,SíNoNosé,3110.00000000422,12683,NaN,1,RadioSet,1
1,0,0,5353,helpless_rat_4xsb91->11,2,DomicMóvilTraba,7228.999999995722,7843,NaN,1,RadioSet,1
0,0,0,5575,helpless_rat_4xsb91->17,0,MascuFemen,434.00000000110595,26,NaN,1,RadioSet,1
0,0,0,667,brown_catfish_guio5l->1,3,,7736.190000010538,1096,NaN,1,RadioSet,2
0,0,0,477,brown_catfish_guio5l->3,1,SINO,1668.4000000095693,605,NaN,1,RadioSet,1
0,0,0,537,silly_turtle_61kmfb->4,1,,932.1450000061304,736,NaN,1,RadioSet,1
0,0,0,2434,warm_mouse_87oxpr->2,0,SINO,146.82499994523823,0,NaN,1,RadioSet,1
1,0,0,1938,warm_mouse_87oxpr->0,1,Usado0km,3951.9499999587424,593,NaN,1,RadioSet,1
1,0,0,479,warm_mouse_87oxpr->1,1,,1440.1100000250153,125,NaN,1,RadioSet,1
1,0,0,1561,little_sheep_csv1m7->8,1,,2280.0550000029034,250,NaN,1,RadioSet,1
0,0,0,756,quiet_ape_lg2n5h->12,2,MascuFemen,2605.299999995623,359,2.0,1,RadioSet,1
0,0,0,1502,quiet_ape_lg2n5h->8,4,DomicMóvilTraba,5835.819999978412,1866,3.0,1,RadioSet,1
0,0,0,1569,quiet_ape_lg2n5h->17,1,SíNoNosé,2381.6750000114553,369,3.0,1,RadioSet,1
0,0,0,9745,quiet_ape_lg2n5h->2,1,SíNoNosé,11885.034999984782,2057,3.0,1,RadioSet,2
0,0,0,941,quiet_ape_lg2n5h->1,2,LaPlEnsenCABASin,5261.264999979176,776,4.0,1,RadioSet,1
0,0,0,1977,quiet_ape_lg2n5h->16,5,SíNo,10459.714999829885,2536,2.0,1,RadioSet,2
0,0,0,1074,quiet_ape_lg2n5h->0,2,UstedOtra,3857.9049999825656,1143,2.0,1,RadioSet,1
0,0,0,235,wonderful_zebra_qqn77p->13,2,DomicMóvilTraba,4004.3399999995017,642,NaN,2,RadioSet,1
0,0,0,4600,wonderful_zebra_qqn77p->3,4,LaPlEnsenCABASin,8848.889999993844,1540,NaN,1,RadioSet,1
1,0,0,1336,wonderful_zebra_qqn77p->17,2,MascuFemen,2475.545000001148,1617,NaN,1,RadioSet,1
0,0,0,5780,wonderful_zebra_qqn77p->4,2,SíNoNosé,9476.414999990084,4931,NaN,1,RadioSet,1
0,0,0,2239,wonderful_zebra_qqn77p->2,2,UstedOtra,3506.02500000241,664,NaN,1,RadioSet,1
1,0,0,2873,wonderful_zebra_qqn77p->14,4,SíNo,12315.899999994144,4686,NaN,1,RadioSet,1
0,0,0,2350,wonderful_zebra_qqn77p->20,1,SíNoNosé,2771.999999997206,696,NaN,1,RadioSet,1
0,0,0,435,tall_mule_aklxv9->8,3,,3544.1250000003492,155,NaN,1,RadioSet,1
0,0,0,1279,fuzzy_turtle_i40d7x->5,1,,1655.1899999612942,774,NaN,1,RadioSet,1
0,0,0,1315,lazy_bullfrog_b5rnfa->1,1,Usado0km,1912.9250000114553,416,NaN,1,RadioSet,1
0,0,0,1861,lazy_bullfrog_b5rnfa->2,2,,3194.6399999433197,94,NaN,1,RadioSet,1
0,0,0,1488,dangerous_horse_hbixzu->2,1,PartiComer,1904.0050000001065,1084,NaN,1,RadioSet,1
0,0,0,35,dangerous_horse_hbixzu->1,1,Usado0km,825.9199999999837,276,NaN,1,RadioSet,1
1,0,0,463,curly_turkey_6jqo4q->10,1,,808.0000000000473,675,NaN,1,RadioSet,1
0,0,0,1630,nasty_lionfish_b22nhm->16,3,SíNo,5752.250000000015,3026,NaN,1,RadioSet,1
0,0,0,1829,nasty_lionfish_b22nhm->12,2,DomicMóvilTraba,3368.2199999999575,2242,NaN,1,RadioSet,1
0,0,0,439,nasty_lionfish_b22nhm->0,1,UstedOtra,631.5700000000106,517,NaN,1,RadioSet,1
0,0,0,1597,nasty_lionfish_b22nhm->2,1,SíNoNosé,2335.6599999999635,7227,NaN,1,RadioSet,1
0,0,0,1529,nasty_lionfish_b22nhm->14,1,MascuFemen,2247.7800000000425,934,NaN,1,RadioSet,1
0,0,0,768,nasty_lionfish_b22nhm->17,3,SíNoNosé,3920.3249999999243,1631,NaN,2,RadioSet,2
0,0,0,917,nasty_lionfish_b22nhm->1,1,LaPlEnsenCABASin,1168.0700000000543,3114,NaN,1,RadioSet,1
0,0,0,1557,clever_bobcat_3jif4f->39,0,,0,0,NaN,1,RadioSet,1
0,0,0,421,perfect_mouse_gecsnc->7,2,,1096.0049998247996,576,NaN,1,RadioSet,1
0,0,0,467,perfect_mouse_gecsnc->3,2,SINO,1759.9749999353662,569,NaN,1,RadioSet,1
1,0,0,3324,fast_dolphin_n0saw5->0,2,Usado0km,3760.039999964647,2565,NaN,2,RadioSet,2
0,0,0,785,quick_pug_lsscur->9,0,,32.03500004019588,64,NaN,1,RadioSet,1
0,0,0,476,witty_newt_sv8kr8->1,1,LaPlEnsenCABASin,848.0249999847729,187,NaN,1,RadioSet,1
0,0,0,720,witty_newt_sv8kr8->2,1,SíNoNosé,2416.5300000167917,1631,NaN,1,RadioSet,1
0,0,0,355,witty_newt_sv8kr8->16,2,SíNo,4464.404999976978,803,NaN,1,RadioSet,1
0,0,0,1013,witty_newt_sv8kr8->17,1,SíNoNosé,2184.175000002142,2348,NaN,1,RadioSet,1
0,0,0,455,witty_newt_sv8kr8->13,1,MascuFemen,1030.9850000194274,87,NaN,1,RadioSet,1
0,0,0,1098,witty_newt_sv8kr8->0,2,UstedOtra,3400.215000001481,892,NaN,1,RadioSet,1
1,0,0,1047,witty_newt_sv8kr8->11,6,DomicMóvilTraba,5753.074999985984,4105,NaN,2,RadioSet,2
1,0,0,571,serious_lion_a90ym9->7,1,,1496.0600000049453,2860,NaN,1,RadioSet,1
0,0,0,1033,serious_lion_a90ym9->6,1,SINO,1224.000000001979,4202,NaN,1,RadioSet,1
0,0,0,976,dull_skunk_c3yto9->1,1,LaPlEnsenCABASin,1271.999999997206,314,NaN,1,RadioSet,1
0,0,0,596,dull_skunk_c3yto9->10,1,MascuFemen,1151.9649999972899,898,NaN,1,RadioSet,1
0,0,0,984,dull_skunk_c3yto9->8,1,SíNoNosé,1263.9950000011595,2149,NaN,1,RadioSet,1
1,0,0,1521,dull_skunk_c3yto9->15,4,8ama10am12pm2pma4pma,6304.010000007111,4854,NaN,1,RadioSet,1
0,0,0,1097,dull_skunk_c3yto9->14,2,1sem1día2horMedia,4200.105000010808,710,NaN,1,RadioSet,1
0,0,0,7535,bitter_swan_ysdfsn->6,1,SíNoNosé,8932.000000029802,1033,3,1,RadioSet,1
0,0,0,1423,bitter_swan_ysdfsn->20,5,8ama10am12pm2pma4pma,17848.000000114553,905,5,1,RadioSet,1
0,0,0,1986,bitter_swan_ysdfsn->21,2,1sem1día2horMedia,3359.000000054948,10,4,1,RadioSet,1
0,0,0,9450,bitter_swan_ysdfsn->4,3,LaPlEnsenCABASin,6010.99999982398,1506,4,1,RadioSet,2
0,0,0,481,bitter_swan_ysdfsn->5,4,UstedOtra,14408.000000170432,841,2,2,RadioSet,2
0,0,0,2997,bitter_swan_ysdfsn->15,2,DomicMóvilTraba,4096.99999995064,596,3,1,RadioSet,1
0,0,0,2799,bitter_swan_ysdfsn->24,1,SíNoNosé,3952.000000048429,119,3,1,RadioSet,2
0,0,0,103,bitter_swan_ysdfsn->17,1,MascuFemen,1376.0000000474975,54,2,1,RadioSet,1
0,0,0,2103,tricky_panther_89nmka->7,2,,4336.999999941327,18858,5,1,RadioSet,1
0,0,0,2490,tricky_panther_89nmka->4,1,,2640.00000001397,6556,5,1,RadioSet,1
0,0,0,6318,tricky_panther_89nmka->8,1,,8261.00000005681,12880,5,1,RadioSet,1
0,0,0,6659,tricky_panther_89nmka->9,1,,7977.000000071712,15925,5,1,RadioSet,2
0,0,0,2971,tricky_panther_89nmka->13,2,,5999.000000068918,24346,5,1,RadioSet,2
0,0,0,4930,tricky_panther_89nmka->10,2,,5540.99999985192,14276,5,1,RadioSet,2
0,0,0,2043,tricky_panther_89nmka->6,1,,10147.999999928288,35447,5,2,RadioSet,2
0,0,0,4917,tricky_panther_89nmka->3,3,,10429.000000003725,15696,5,2,RadioSet,2
0,0,0,2437,tricky_panther_89nmka->11,1,,3332.9999999841675,13671,5,1,RadioSet,1
0,0,0,3044,tricky_panther_89nmka->5,1,,4433.0000000773,11537,5,1,RadioSet,1
0,0,0,1029,nervous_zebra_w91ztl->6,1,,4828.099999998813,5739,5,3,RadioSet,2
0,0,0,2319,nervous_zebra_w91ztl->7,1,,4175.994999997783,3523,5,1,RadioSet,1
0,0,0,9969,nervous_zebra_w91ztl->0,1,,10210.009999995236,6477,5,1,RadioSet,2
0,0,0,893,nervous_zebra_w91ztl->3,1,,3696.024999997462,10544,5,1,RadioSet,1
0,0,0,1301,nervous_zebra_w91ztl->5,1,,1754.029999996419,6088,5,1,RadioSet,1
0,0,0,1070,nervous_zebra_w91ztl->4,1,,3279.9099999974715,1606,5,1,RadioSet,1
0,0,0,2304,nervous_zebra_w91ztl->1,1,,4701.954999996815,4425,5,1,RadioSet,1
0,0,0,1138,nervous_zebra_w91ztl->9,1,,1330.0449999951525,8872,5,1,RadioSet,1
0,0,0,1882,nervous_zebra_w91ztl->2,1,,2587.8149999916786,3142,5,1,RadioSet,1
0,0,0,1713,nervous_zebra_w91ztl->8,1,,3209.934999991674,465,5,1,RadioSet,1
0,0,0,526,nasty_treefrog_xn4ps1->0,1,UstedOtra,7826.075000004494,1091,2,1,RadioSet,1
3,0,0,3524,nasty_treefrog_xn4ps1->26,2,1sem1día2horMedia,4537.980000008247,883,4,1,RadioSet,1
0,0,0,2976,nasty_treefrog_xn4ps1->2,1,SíNoNosé,4387.904999995953,1868,3,1,RadioSet,1
0,0,0,8249,nasty_treefrog_xn4ps1->24,4,8ama10am12pm2pma4pma,10934.585000009974,8111,5,1,RadioSet,2
0,0,0,1209,nasty_treefrog_xn4ps1->8,3,DomicMóvilTraba,13992.084999990766,924,3,2,RadioSet,2
0,0,0,1165,nasty_treefrog_xn4ps1->12,2,SíNo,4232.314999972004,2649,2,2,RadioSet,2
0,0,0,7466,nasty_treefrog_xn4ps1->1,1,LaPlEnsenCABASin,8999.964999995427,1742,4,1,RadioSet,2
2,0,0,454,nasty_treefrog_xn4ps1->10,3,MascuFemen,2530.784999995376,423,2,1,RadioSet,1
0,0,0,1061,nasty_treefrog_xn4ps1->13,2,SíNoNosé,2574.4899999845074,1330,3,1,RadioSet,1
1,0,0,1874,foolish_vampirebat_pr545s->14,12,8ama10am12pm2pma4pma,16278.504999994766,9931,5,1,RadioSet,1
0,0,0,2206,foolish_vampirebat_pr545s->22,0,SíNo,921.6700000688434,47,2,1,RadioSet,1
1,0,0,639,foolish_vampirebat_pr545s->11,1,MascuFemen,894.5250000106171,1816,2,1,RadioSet,1
0,0,0,675,foolish_vampirebat_pr545s->1,1,UstedOtra,2188.1699999794364,2673,2,1,RadioSet,1
0,0,0,4055,foolish_vampirebat_pr545s->21,1,SíNoNosé,548.3600000152364,626,3,1,RadioSet,1
0,0,0,4269,foolish_vampirebat_pr545s->9,4,DomicMóvilTraba,8126.609999977518,14418,3,1,RadioSet,1
0,0,0,2980,foolish_vampirebat_pr545s->2,3,LaPlEnsenCABASin,12364.030000055209,3583,4,2,RadioSet,2
1,0,0,1448,foolish_vampirebat_pr545s->13,12,1sem1día2horMedia,25894.655000127386,10157,4,1,RadioSet,1
0,0,0,2311,foolish_vampirebat_pr545s->3,2,SíNoNosé,3424.9950000084937,844,3,1,RadioSet,1
2,0,0,327,curly_bird_8r278p->4,1,SINO,1133.605000039097,570,2,1,RadioSet,1
0,0,0,3314,curly_bird_8r278p->1,1,Usado0km,4166.284999984782,2530,2,1,RadioSet,1
0,0,0,3069,curly_bird_8r278p->5,1,,3450.7100000046194,2662,2,1,RadioSet,1
0,0,0,6607,brown_zebra_83g2jy->2,1,,9483.479999995325,31287,5,1,RadioSet,1
0,0,0,7462,brown_zebra_83g2jy->1,2,,9211.71499999764,5941,5,1,RadioSet,2
0,0,0,17554,brown_zebra_83g2jy->7,1,,18307.594999991124,8381,5,1,RadioSet,2
0,0,0,10272,brown_zebra_83g2jy->0,2,,46023.28500000294,46921,5,1,RadioSet,3
0,0,0,10817,brown_zebra_83g2jy->5,2,,13182.100000005448,28114,5,1,RadioSet,2
0,0,0,33207,brown_zebra_83g2jy->6,2,,37162.679999994,75816,5,1,RadioSet,3
0,0,0,2418,brown_zebra_83g2jy->3,2,,11178.615000011632,2859,5,1,RadioSet,2
0,0,0,7165,brown_zebra_83g2jy->4,3,,12000.564999994822,25889,5,1,RadioSet,2
0,0,0,6310,brown_zebra_83g2jy->8,4,,11584.414999990258,37374,5,1,RadioSet,2
0,0,0,2846,brown_zebra_83g2jy->9,2,,5225.574999974924,4329,5,1,RadioSet,1
0,0,0,17546,tasty_snake_56w8v3->2,1,,35528.48500000255,31127,5,1,RadioSet,3
0,0,0,3306,tasty_snake_56w8v3->5,1,,11801.584999993793,7716,5,1,RadioSet,3
0,0,0,45386,tasty_snake_56w8v3->1,1,,47226.625000010245,40858,5,1,RadioSet,3
0,0,0,4662,tasty_snake_56w8v3->9,1,,8585.209999990184,4322,5,1,RadioSet,2
0,0,0,8869,tasty_snake_56w8v3->7,2,,10024.655000001076,30879,5,1,RadioSet,2
0,0,0,12659,tasty_snake_56w8v3->3,1,,31462.22500001022,31334,5,1,RadioSet,2
0,0,0,2577,tasty_snake_56w8v3->4,1,,3281.2549999944167,1764,5,1,RadioSet,4
0,0,0,2549,tasty_snake_56w8v3->6,3,,10438.949999996112,7649,5,1,RadioSet,2
0,0,0,3964,tasty_snake_56w8v3->0,4,,27186.845000003814,12518,5,2,RadioSet,4
0,0,0,2929,tasty_snake_56w8v3->8,2,,13408.994999990682,11752,5,1,RadioSet,1
0,0,0,1417,witty_lionfish_6rshw9->1,1,,2048.9999999990687,941,2,1,RadioSet,1
1,0,0,1278,witty_lionfish_6rshw9->0,1,Usado0km,1599.000000001979,1598,2,1,RadioSet,1
0,0,0,5930,strong_parrot_5dku90->0,1,,7909.555000020191,36842,5,2,RadioSet,2
0,0,0,1980,strong_parrot_5dku90->6,1,,2484.794999938458,1328,5,1,RadioSet,2
0,0,0,2111,strong_parrot_5dku90->13,1,,3322.5050000473857,11051,5,1,RadioSet,1
0,0,0,898,strong_parrot_5dku90->19,2,,3360.244999988936,5425,5,1,RadioSet,2
1,0,0,4729,sharp_moose_hmggpf->18,2,1sem1día2horMedia,15805.760000000388,2731,4,4,RadioSet,3
0,0,0,217,sharp_moose_hmggpf->10,2,SíNoNosé,10653.655000000086,2249,3,2,RadioSet,2
1,0,0,1866,sharp_moose_hmggpf->17,5,8ama10am12pm2pma4pma,20924.38999999946,3996,5,2,RadioSet,3
0,0,0,2691,sharp_moose_hmggpf->2,3,SíNoNosé,13938.024999999914,2993,3,3,RadioSet,3
0,0,0,3819,sharp_moose_hmggpf->0,2,UstedOtra,11924.584999999974,6282,2,4,RadioSet,3
0,0,0,1763,sharp_moose_hmggpf->6,2,MascuFemen,7267.195000000342,515,2,1,RadioSet,2
0,0,0,5431,sharp_moose_hmggpf->1,3,LaPlEnsenCABASin,18146.919999999693,2965,4,3,RadioSet,3
0,0,0,556,sharp_moose_hmggpf->4,2,DomicMóvilTraba,11024.734999999942,1454,3,3,RadioSet,2
0,0,0,3754,sharp_moose_hmggpf->8,1,SíNo,9855.984999999695,1583,2,2,RadioSet,3
1,0,0,3240,stale_frog_mioi63->16,2,8ama10am12pm2pma4pma,20776.79499999799,6132,5,2,RadioSet,3
0,0,0,9312,stale_frog_mioi63->8,1,DomicMóvilTraba,14894.255000001067,5717,3,3,RadioSet,3
2,0,0,1316,stale_frog_mioi63->0,3,LaPlEnsenCABASin,16772.6300000013,4643,4,2,RadioSet,3
1,0,0,1017,stale_frog_mioi63->2,3,SíNoNosé,18484.585000000137,4285,3,4,RadioSet,3
1,0,0,870,stale_frog_mioi63->1,2,UstedOtra,16120.660000000498,3208,2,2,RadioSet,3
1,0,0,1785,stale_frog_mioi63->17,3,1sem1día2horMedia,11239.80500000104,3341,4,2,RadioSet,3
0,0,0,6542,serious_rat_rh46xf->3,1,SíNoNosé,8608.124999998836,4139,3,1,RadioSet,3
0,0,0,8925,serious_rat_rh46xf->8,3,DomicMóvilTraba,19488.22499999369,5485,3,3,RadioSet,3
1,0,0,10740,serious_rat_rh46xf->21,2,1sem1día2horMedia,17877.135000002454,2641,4,1,RadioSet,3
6,0,0,8097,serious_rat_rh46xf->19,3,8ama10am12pm2pma4pma,24061.675000004412,2914,5,1,RadioSet,3
0,0,0,7054,serious_rat_rh46xf->1,1,UstedOtra,7927.915000000212,3094,2,1,RadioSet,3
0,0,0,2244,serious_rat_rh46xf->10,1,MascuFemen,5752.04999998823,1689,2,1,RadioSet,2
3,0,0,3341,serious_rat_rh46xf->12,4,SíNo,21111.67500000738,2997,2,2,RadioSet,3
0,0,0,11459,serious_rat_rh46xf->0,1,LaPlEnsenCABASin,16344.149999997171,9636,4,1,RadioSet,3
0,0,0,6950,cold_frog_3idxuz->9,2,,15988.274999988498,24827,5,2,RadioSet,3
1,0,0,6395,cold_frog_3idxuz->8,2,,19288.05000000284,23836,5,4,RadioSet,3
0,0,0,17514,cold_frog_3idxuz->4,1,,18088.20999999426,44011,5,1,RadioSet,3
0,0,0,4789,cold_frog_3idxuz->2,2,,15120.330000005197,13550,5,2,RadioSet,3
0,0,0,13338,cold_frog_3idxuz->3,2,,23359.86500000581,13694,5,1,RadioSet,3
0,0,0,6583,cold_frog_3idxuz->7,1,,8688.464999999385,38440,5,1,RadioSet,3
0,0,0,19575,cold_frog_3idxuz->1,2,,24400.089999995544,180655,5,1,RadioSet,3
0,0,0,6693,cold_frog_3idxuz->6,1,,7384.524999994086,3965,5,1,RadioSet,3
0,0,0,20630,cold_frog_3idxuz->0,1,,21448.73000000359,28815,5,1,RadioSet,3
0,0,0,21272,cold_frog_3idxuz->5,1,,21960.38000000408,30617,5,1,RadioSet,3
0,0,0,7808,nasty_stingray_80fuc1->15,3,8ama10am12pm2pma4pma,71621.97000000742,79329,5,1,RadioSet,3
0,0,0,5717,nasty_stingray_80fuc1->13,4,SíNoNosé,35880.14999999723,17474,3,9,RadioSet,3
0,0,0,37409,nasty_stingray_80fuc1->7,3,DomicMóvilTraba,61301.72000004677,14197,3,1,RadioSet,3
0,0,0,16940,nasty_stingray_80fuc1->1,1,LaPlEnsenCABASin,30633.219999988796,14929,4,4,RadioSet,3
0,0,0,14408,nasty_stingray_80fuc1->2,1,SíNoNosé,24449.86500000232,13594,3,1,RadioSet,2
0,0,0,19857,nasty_stingray_80fuc1->0,2,UstedOtra,27427.38500001724,20182,2,1,RadioSet,3
0,0,0,4595,nasty_stingray_80fuc1->20,2,1sem1día2horMedia,15251.740000006976,5346,4,4,RadioSet,2
0,0,0,6263,nasty_stingray_80fuc1->11,7,SíNo,57624.04500000412,18628,2,3,RadioSet,2
0,0,0,6269,neat_fox_4k6z8h->4,2,DomicMóvilTraba,13503.76999998116,10055,3,1,RadioSet,2
0,0,0,484,neat_fox_4k6z8h->1,1,LaPlEnsenCABASin,3650.9100000112085,1968,4,2,RadioSet,2
1,0,0,437,neat_fox_4k6z8h->8,1,SíNo,9439.42499998957,3211,2,1,RadioSet,2
1,0,0,2570,neat_fox_4k6z8h->11,2,SíNoNosé,11245.874999978696,2854,3,1,RadioSet,2
0,0,0,2537,neat_fox_4k6z8h->2,2,SíNoNosé,8410.545000006096,3144,3,1,RadioSet,2
0,0,0,7072,neat_fox_4k6z8h->0,1,UstedOtra,12968.75,5514,2,1,RadioSet,2
16,0,0,491,lucky_fox_sqnjt9->17,3,SíNoNosé,21384.30000000517,5959,3,4,RadioSet,3
7,0,0,9001,lucky_fox_sqnjt9->1,4,LaPlEnsenCABASin,33048.04500001774,21013,4,4,RadioSet,3
6,0,0,4428,lucky_fox_sqnjt9->0,4,UstedOtra,37999.99499997648,16944,2,2,RadioSet,3
11,0,0,12531,lucky_fox_sqnjt9->12,3,MascuFemen,28624.125000016647,18807,2,2,RadioSet,3
0,0,0,2528,lucky_fox_sqnjt9->2,3,SíNoNosé,20464.120000004186,6805,3,2,RadioSet,3
0,0,0,717,lucky_fox_sqnjt9->29,0,1sem1día2horMedia,6383.924999972805,2310,4,1,RadioSet,2
6,0,0,404,lucky_fox_sqnjt9->23,7,8ama10am12pm2pma4pma,42723.77499997674,14018,5,3,RadioSet,3
10,0,0,1993,lucky_fox_sqnjt9->16,9,SíNo,41027.99999996205,10806,2,5,RadioSet,3
2,0,0,1217,clever_fireant_b1wza4->0,3,UstedOtra,30520.02499999071,11926,2,3,RadioSet,3
2,0,0,1182,clever_fireant_b1wza4->11,3,MascuFemen,16400.16000001924,9382,2,5,RadioSet,3
3,0,0,2354,clever_fireant_b1wza4->2,2,SíNoNosé,23816.010000009555,12107,3,3,RadioSet,3
1,0,0,532,clever_fireant_b1wza4->1,7,LaPlEnsenCABASin,31383.984999993118,28990,4,6,RadioSet,3
4,0,0,9391,clever_fireant_b1wza4->14,6,SíNoNosé,31672.09999995248,16515,3,3,RadioSet,3
5,0,0,1678,clever_fireant_b1wza4->13,4,SíNo,25351.960000014515,14125,2,2,RadioSet,3
3,0,0,9916,clever_fireant_b1wza4->8,4,DomicMóvilTraba,31784.015000012005,10889,3,3,RadioSet,3
0,0,0,2417,perfect_emu_33e8u7->8,4,SíNoNosé,56327.99000000523,8894,3,3,RadioSet,3
4,0,0,782,perfect_emu_33e8u7->0,2,SíNoNosé,9375.969999993686,7615,3,2,RadioSet,2
4,0,0,2105,perfect_emu_33e8u7->1,5,LaPlEnsenCABASin,44648.569999975734,18535,4,5,RadioSet,3
9,0,0,12533,perfect_emu_33e8u7->3,6,DomicMóvilTraba,54063.9899999951,11303,3,4,RadioSet,3
1,0,0,1508,perfect_emu_33e8u7->6,2,SíNo,14592.00500001316,4078,2,2,RadioSet,3
7,0,0,1814,perfect_emu_33e8u7->2,8,UstedOtra,46984.10000001604,15191,2,8,RadioSet,3
3,0,0,2584,perfect_emu_33e8u7->5,3,MascuFemen,13135.974999997416,5533,2,2,RadioSet,3
0,0,0,7109,sweet_puma_s62lhs->5,2,,18607.789999994566,62780,5,2,RadioSet,3
0,0,0,4000,sweet_puma_s62lhs->1,5,,45104.02499999327,268773,5,1,RadioSet,3
0,0,0,2630,sweet_puma_s62lhs->2,3,,26207.80500001274,91112,5,2,RadioSet,3
0,0,0,4359,sweet_puma_s62lhs->9,4,,22079.83500001137,75878,5,2,RadioSet,3
0,0,0,527,sweet_puma_s62lhs->7,2,,13016.189999994822,30504,5,3,RadioSet,2
0,0,0,2998,sweet_puma_s62lhs->6,5,,27344.20500000124,54236,5,3,RadioSet,3
0,0,0,1081,sweet_puma_s62lhs->0,3,,36272.214999989956,65181,5,2,RadioSet,3
0,0,0,2593,sweet_puma_s62lhs->4,4,,35448.205000022426,67833,5,2,RadioSet,3
0,0,0,4506,sweet_puma_s62lhs->3,3,,22896.039999992354,70738,5,1,RadioSet,3
0,0,0,3418,sweet_puma_s62lhs->8,4,,17696.17999998445,43253,5,2,RadioSet,3
0,0,0,1469,purple_sloth_udh3up->6,3,,18431.835000010324,66921,5,2,RadioSet,3
0,0,0,8319,purple_sloth_udh3up->14,1,,14275.924999994459,65510,5,3,RadioSet,3
0,0,0,13150,purple_sloth_udh3up->7,3,,19384.129999991274,96056,5,2,RadioSet,3
0,0,0,4442,purple_sloth_udh3up->3,3,,17524.15499999188,90366,5,3,RadioSet,3
0,0,0,9397,purple_sloth_udh3up->8,2,,15968.049999981304,78361,5,1,RadioSet,3
0,0,0,1701,purple_sloth_udh3up->13,0,,2104.1500000137603,1337,5,1,RadioSet,3
0,0,0,3500,purple_sloth_udh3up->5,3,,14119.85000000277,33633,5,2,RadioSet,3
0,0,0,739,purple_sloth_udh3up->0,4,,23936.310000019148,66425,5,2,RadioSet,3
1,0,0,13682,purple_sloth_udh3up->4,3,,23012.124999979278,68133,5,2,RadioSet,3
0,0,0,2830,purple_sloth_udh3up->9,2,,17112.034999983734,72620,5,1,RadioSet,3
0,0,0,5617,purple_sloth_udh3up->2,3,,21384.110000013607,80359,5,2,RadioSet,3
0,0,0,3919,purple_sloth_udh3up->1,3,,20040.164999998524,101094,5,2,RadioSet,3
0,0,0,16038,light_liger_t6kpua->0,2,UstedOtra,33687.23499999999,67518,2,2,RadioSet,3
0,0,0,7902,light_liger_t6kpua->6,4,DomicMóvilTraba,28713.500000000087,40771,3,2,RadioSet,2
0,0,0,3316,light_liger_t6kpua->2,2,SíNoNosé,14339.425000000017,17473,3,1,RadioSet,2
0,0,0,26752,light_liger_t6kpua->1,1,LaPlEnsenCABASin,28577.764999999992,17478,4,1,RadioSet,3
0,0,0,11636,tender_wolverine_3vtuw5->1,1,UstedOtra,12795.470000000016,5955,2,1,RadioSet,2
2,0,0,6038,tender_wolverine_3vtuw5->5,3,DomicMóvilTraba,80150.05499999982,30631,3,2,RadioSet,2
0,0,0,7007,tender_wolverine_3vtuw5->0,2,LaPlEnsenCABASin,34323.24000000018,59670,4,8,RadioSet,3
0,0,0,202,curvy_mule_nz90m7->1,2,LaPlEnsenCABASin,9520.400000037625,897,4,1,RadioSet,2
1,0,0,1193,curvy_mule_nz90m7->7,1,DomicMóvilTraba,10575.985000061337,1404,3,3,RadioSet,2
1,0,0,5444,curvy_mule_nz90m7->20,2,1sem1día2horMedia,10814.444999967236,394,4,1,RadioSet,3
0,0,0,4416,curvy_mule_nz90m7->12,2,SíNo,13719.165000016801,4139,2,1,RadioSet,3
0,0,0,520,curvy_mule_nz90m7->0,1,UstedOtra,8527.48500002781,380,2,3,RadioSet,2
0,0,0,3451,curvy_mule_nz90m7->14,1,SíNoNosé,4776.050000044052,492,3,1,RadioSet,2
0,0,0,6550,curvy_mule_nz90m7->2,1,SíNoNosé,9191.719999944326,837,3,1,RadioSet,3
0,0,0,2313,curvy_mule_nz90m7->8,1,MascuFemen,3962.9299999796785,644,2,1,RadioSet,1
8,0,0,3470,curvy_mule_nz90m7->19,3,8ama10am12pm2pma4pma,19492.60000011418,3104,5,1,RadioSet,3
0,0,0,6452,slippery_dolphin_b20tdz->5,2,,11351.819999981672,36402,5,3,RadioSet,3
0,0,0,4531,slippery_dolphin_b20tdz->3,1,,5328.064999950584,22154,5,1,RadioSet,2
1,0,0,13270,slippery_dolphin_b20tdz->8,1,,13583.785000024363,36690,5,1,RadioSet,3
2,0,0,8601,slippery_dolphin_b20tdz->9,1,,9336.069999961182,39378,5,1,RadioSet,2
0,0,0,2279,slippery_dolphin_b20tdz->0,1,,7799.300000013318,27586,5,2,RadioSet,2
0,0,0,1542,slippery_dolphin_b20tdz->6,1,,5976.61000007065,14602,5,2,RadioSet,2
0,0,0,9453,slippery_dolphin_b20tdz->1,1,,17615.950000006706,67347,5,2,RadioSet,3
2,0,0,7262,slippery_dolphin_b20tdz->7,1,,7792.025000031572,32823,5,1,RadioSet,3
0,0,0,5491,slippery_dolphin_b20tdz->4,1,,10864.109999965876,14580,5,1,RadioSet,3
0,0,0,1720,slippery_dolphin_b20tdz->2,1,,12031.39999997802,11364,5,2,RadioSet,3